#method, iters, size, time(ns)
#Threads for eigen: 12
eigen, 1, 1, 3957
eigen, 1, 2, 531
eigen, 1, 3, 691
eigen, 1, 4, 821
eigen, 1, 5, 1522
eigen, 1, 6, 1773
eigen, 1, 7, 5751
eigen, 1, 8, 3547
eigen, 1, 9, 3677
eigen, 1, 10, 4258
eigen, 1, 11, 5480
eigen, 1, 12, 8606
eigen, 1, 13, 7164
eigen, 1, 14, 8456
eigen, 1, 15, 9558
eigen, 1, 16, 9588
eigen, 1, 17, 13455
eigen, 1, 18, 12563
eigen, 1, 19, 13125
eigen, 1, 20, 14918
eigen, 1, 21, 29566
eigen, 1, 22, 17152
eigen, 1, 23, 20669
eigen, 1, 24, 20027
eigen, 1, 25, 27802
eigen, 1, 26, 23775
eigen, 1, 27, 26009
eigen, 1, 28, 27021
eigen, 1, 29, 30427
eigen, 1, 30, 30848
eigen, 1, 31, 32501
eigen, 1, 32, 32521
eigen, 1, 33, 38562
eigen, 1, 34, 35577
eigen, 1, 35, 35547
eigen, 1, 36, 38432
eigen, 1, 37, 38863
eigen, 1, 38, 42791
eigen, 1, 39, 47399
eigen, 1, 40, 44494
eigen, 1, 41, 51587
eigen, 1, 42, 50586
eigen, 1, 43, 54432
eigen, 1, 44, 53771
eigen, 1, 45, 57348
eigen, 1, 46, 62327
eigen, 1, 47, 171042
eigen, 1, 48, 124634
eigen, 1, 49, 120306
eigen, 1, 50, 129063
eigen, 1, 51, 132680
eigen, 1, 52, 149631
eigen, 1, 53, 142267
eigen, 1, 54, 202841
eigen, 1, 55, 171632
eigen, 1, 56, 157857
eigen, 1, 57, 157806
eigen, 1, 58, 165270
eigen, 1, 59, 228340
eigen, 1, 60, 213291
eigen, 1, 61, 189656
eigen, 1, 62, 197802
eigen, 1, 63, 255730
eigen, 1, 64, 203323
eigen, 1, 65, 218410
eigen, 1, 66, 215345
eigen, 1, 67, 278604
eigen, 1, 68, 282471
eigen, 1, 69, 242336
eigen, 1, 70, 248407
eigen, 1, 71, 297299
eigen, 1, 72, 226045
eigen, 1, 73, 227568
eigen, 1, 74, 280166
eigen, 1, 75, 304132
eigen, 1, 76, 262093
eigen, 1, 77, 318630
eigen, 1, 78, 285608
eigen, 1, 79, 277712
eigen, 1, 80, 2590912
eigen, 1, 81, 294353
eigen, 1, 82, 3451298
eigen, 1, 83, 322046
eigen, 1, 84, 713251
eigen, 1, 85, 6842605
eigen, 1, 86, 290406
eigen, 1, 87, 964824
eigen, 1, 88, 280477
eigen, 1, 89, 285757
eigen, 1, 90, 814732
eigen, 1, 91, 291919
eigen, 1, 92, 292140
eigen, 1, 93, 305194
eigen, 1, 94, 310564
eigen, 1, 95, 319801
eigen, 1, 96, 301557
eigen, 1, 97, 303331
eigen, 1, 98, 435759
eigen, 1, 99, 317266
eigen, 1, 100, 322296
eigen, 1, 101, 328607
eigen, 1, 102, 336092
eigen, 1, 103, 347623
eigen, 1, 104, 348355
eigen, 1, 105, 372270
eigen, 1, 106, 375376
eigen, 1, 107, 387919
eigen, 1, 108, 387689
eigen, 1, 109, 390234
eigen, 1, 110, 404741
eigen, 1, 111, 411875
eigen, 1, 112, 423587
eigen, 1, 113, 433926
eigen, 1, 114, 441991
eigen, 1, 115, 452260
eigen, 1, 116, 448654
eigen, 1, 117, 1628802
eigen, 1, 118, 8894673
eigen, 1, 119, 3446390
eigen, 1, 120, 360157
eigen, 1, 121, 1614185
eigen, 1, 122, 370597
eigen, 1, 123, 829359
eigen, 1, 124, 388501
eigen, 1, 125, 399260
eigen, 1, 126, 394462
eigen, 1, 127, 415060
eigen, 1, 128, 411664
eigen, 1, 129, 427183
eigen, 1, 130, 523405
eigen, 1, 131, 449805
eigen, 1, 132, 450767
eigen, 1, 133, 523754
eigen, 1, 134, 465936
eigen, 1, 135, 478981
eigen, 1, 136, 476786
eigen, 1, 137, 488869
eigen, 1, 138, 507985
eigen, 1, 139, 501092
eigen, 1, 140, 509258
eigen, 1, 141, 515890
eigen, 1, 142, 523755
eigen, 1, 143, 544724
eigen, 1, 144, 491474
eigen, 1, 145, 501012
eigen, 1, 146, 502865
eigen, 1, 147, 516040
eigen, 1, 148, 518234
eigen, 1, 149, 535327
eigen, 1, 150, 541267
eigen, 1, 151, 558099
eigen, 1, 152, 627440
eigen, 1, 153, 569871
eigen, 1, 154, 571184
eigen, 1, 155, 584268
eigen, 1, 156, 583266
eigen, 1, 157, 604446
eigen, 1, 158, 607953
eigen, 1, 159, 625587
eigen, 1, 160, 623813
eigen, 1, 161, 634774
eigen, 1, 162, 640885
eigen, 1, 163, 664921
eigen, 1, 164, 671463
eigen, 1, 165, 682603
eigen, 1, 166, 683485
eigen, 1, 167, 695177
eigen, 1, 168, 700858
eigen, 1, 169, 719323
eigen, 1, 170, 724512
eigen, 1, 171, 737096
eigen, 1, 172, 739550
eigen, 1, 173, 766432
eigen, 1, 174, 1234731
eigen, 1, 175, 10264027
eigen, 1, 176, 1464624
eigen, 1, 177, 798311
eigen, 1, 178, 812658
eigen, 1, 179, 829179
eigen, 1, 180, 1100439
eigen, 1, 181, 1174648
eigen, 1, 182, 906104
eigen, 1, 183, 872070
eigen, 1, 184, 892118
eigen, 1, 185, 885475
eigen, 1, 186, 881538
eigen, 1, 187, 938474
eigen, 1, 188, 922244
eigen, 1, 189, 965064
eigen, 1, 190, 974902
eigen, 1, 191, 959715
eigen, 1, 192, 881878
eigen, 1, 193, 876608
eigen, 1, 194, 864886
eigen, 1, 195, 1279095
eigen, 1, 196, 911394
eigen, 1, 197, 907677
eigen, 1, 198, 939336
eigen, 1, 199, 947211
eigen, 1, 200, 967779
eigen, 1, 201, 973901
eigen, 1, 202, 970444
eigen, 1, 203, 993518
eigen, 1, 204, 1138661
eigen, 1, 205, 1042571
eigen, 1, 206, 1040937
eigen, 1, 207, 1032842
eigen, 1, 208, 1061566
eigen, 1, 209, 1054151
eigen, 1, 210, 1108795
eigen, 1, 211, 1182033
eigen, 1, 212, 1085391
eigen, 1, 213, 1133070
eigen, 1, 214, 1300736
eigen, 1, 215, 9796909
eigen, 1, 216, 1995702
eigen, 1, 217, 1177184
eigen, 1, 218, 1198834
eigen, 1, 219, 1231496
eigen, 1, 220, 1250702
eigen, 1, 221, 1245461
eigen, 1, 222, 1268655
eigen, 1, 223, 1262413
eigen, 1, 224, 1279426
eigen, 1, 225, 1285577
eigen, 1, 226, 1291588
eigen, 1, 227, 1341783
eigen, 1, 228, 1321054
eigen, 1, 229, 1372260
eigen, 1, 230, 1361960
eigen, 1, 231, 1409750
eigen, 1, 232, 1385295
eigen, 1, 233, 1437062
eigen, 1, 234, 1415331
eigen, 1, 235, 1428636
eigen, 1, 236, 1485082
eigen, 1, 237, 1481926
eigen, 1, 238, 1516732
eigen, 1, 239, 1504588
eigen, 1, 240, 1406835
eigen, 1, 241, 1383511
eigen, 1, 242, 1438435
eigen, 1, 243, 6458622
eigen, 1, 244, 5140565
eigen, 1, 245, 1438765
eigen, 1, 246, 2271530
eigen, 1, 247, 1537340
eigen, 1, 248, 1524116
eigen, 1, 249, 1728189
eigen, 1, 250, 1567868
eigen, 1, 251, 1582125
eigen, 1, 252, 1599447
eigen, 1, 253, 1560965
eigen, 1, 254, 1669238
eigen, 1, 255, 1605258
eigen, 1, 256, 1644662
eigen, 1, 257, 1607663
eigen, 1, 258, 1677825
eigen, 1, 259, 1668316
eigen, 1, 260, 1753677
eigen, 1, 261, 1690268
eigen, 1, 262, 1752124
eigen, 1, 263, 1778514
eigen, 1, 264, 1781901
eigen, 1, 265, 11749640
eigen, 1, 266, 1925821
eigen, 1, 267, 1809723
eigen, 1, 268, 1877790
eigen, 1, 269, 1842634
eigen, 1, 270, 1911754
eigen, 1, 271, 1944315
eigen, 1, 272, 1926752
eigen, 1, 273, 1917986
eigen, 1, 274, 2026220
eigen, 1, 275, 1928035
eigen, 1, 276, 2003106
eigen, 1, 277, 2005451
eigen, 1, 278, 2134163
eigen, 1, 279, 2149492
eigen, 1, 280, 2054683
eigen, 1, 281, 2124073
eigen, 1, 282, 2116208
eigen, 1, 283, 2162416
eigen, 1, 284, 12821456
eigen, 1, 285, 2322767
eigen, 1, 286, 2625676
eigen, 1, 287, 2343977
eigen, 1, 288, 2087975
eigen, 1, 289, 2021941
eigen, 1, 290, 2108854
eigen, 1, 291, 2088897
eigen, 1, 292, 2112371
eigen, 1, 293, 2090090
eigen, 1, 294, 2171223
eigen, 1, 295, 2128612
eigen, 1, 296, 2431561
eigen, 1, 297, 2279966
eigen, 1, 298, 2223941
eigen, 1, 299, 2283253
eigen, 1, 300, 2534204
eigen, 1, 301, 3242146
eigen, 1, 302, 3689817
eigen, 1, 303, 2989481
eigen, 1, 304, 2450337
eigen, 1, 305, 2995131
eigen, 1, 306, 2418828
eigen, 1, 307, 2496764
eigen, 1, 308, 2408919
eigen, 1, 309, 2592624
eigen, 1, 310, 2455166
eigen, 1, 311, 2550225
eigen, 1, 312, 2586763
eigen, 1, 313, 2469332
eigen, 1, 314, 2600770
eigen, 1, 315, 2809592
eigen, 1, 316, 2647568
eigen, 1, 317, 10828308
eigen, 1, 318, 2772142
eigen, 1, 319, 2758116
eigen, 1, 320, 2766000
eigen, 1, 321, 2858143
eigen, 1, 322, 3017503
eigen, 1, 323, 2959845
eigen, 1, 324, 2957561
eigen, 1, 325, 2987297
eigen, 1, 326, 3015509
eigen, 1, 327, 3043161
eigen, 1, 328, 3116840
eigen, 1, 329, 3113914
eigen, 1, 330, 10959715
eigen, 1, 331, 3660773
eigen, 1, 332, 3188896
eigen, 1, 333, 3235503
eigen, 1, 334, 3688244
eigen, 1, 335, 3372030
eigen, 1, 336, 2883652
eigen, 1, 337, 2808620
eigen, 1, 338, 2817236
eigen, 1, 339, 2890303
eigen, 1, 340, 3942392
eigen, 1, 341, 2951599
eigen, 1, 342, 11680541
eigen, 1, 343, 3154962
eigen, 1, 344, 3067036
eigen, 1, 345, 3053521
eigen, 1, 346, 3048261
eigen, 1, 347, 3763716
eigen, 1, 348, 5773716
eigen, 1, 349, 3183906
eigen, 1, 350, 3183735
eigen, 1, 351, 3514357
eigen, 1, 352, 3369535
eigen, 1, 353, 11225035
eigen, 1, 354, 3528865
eigen, 1, 355, 3411324
eigen, 1, 356, 3342274
eigen, 1, 357, 4015790
eigen, 1, 358, 3477939
eigen, 1, 359, 3507716
eigen, 1, 360, 3496754
eigen, 1, 361, 3579269
eigen, 1, 362, 3644181
eigen, 1, 363, 3752886
eigen, 1, 364, 10938556
eigen, 1, 365, 3855639
eigen, 1, 366, 3695989
eigen, 1, 367, 3814341
eigen, 1, 368, 3808571
eigen, 1, 369, 3861069
eigen, 1, 370, 3851240
eigen, 1, 371, 3892949
eigen, 1, 372, 4014728
eigen, 1, 373, 3996634
eigen, 1, 374, 10972590
eigen, 1, 375, 4296417
eigen, 1, 376, 4084980
eigen, 1, 377, 4145344
eigen, 1, 378, 4092244
eigen, 1, 379, 4323409
eigen, 1, 380, 4223120
eigen, 1, 381, 4205176
eigen, 1, 382, 4260079
eigen, 1, 383, 4493047
eigen, 1, 384, 8333789
eigen, 1, 385, 3808259
eigen, 1, 386, 3759999
eigen, 1, 387, 3786639
eigen, 1, 388, 3857011
eigen, 1, 389, 3975936
eigen, 1, 390, 3884694
eigen, 1, 391, 3963050
eigen, 1, 392, 3967940
eigen, 1, 393, 3991875
eigen, 1, 394, 10567268
eigen, 1, 395, 4573679
eigen, 1, 396, 4816665
eigen, 1, 397, 4109286
eigen, 1, 398, 4172785
eigen, 1, 399, 4316816
eigen, 1, 400, 4301968
eigen, 1, 401, 4266341
eigen, 1, 402, 4566766
eigen, 1, 403, 8856872
eigen, 1, 404, 4838005
eigen, 1, 405, 5364756
eigen, 1, 406, 4579660
eigen, 1, 407, 4503498
eigen, 1, 408, 4705818
eigen, 1, 409, 4632690
eigen, 1, 410, 4623443
eigen, 1, 411, 9407226
eigen, 1, 412, 4742746
eigen, 1, 413, 5269767
eigen, 1, 414, 4985402
eigen, 1, 415, 4895334
eigen, 1, 416, 4947482
eigen, 1, 417, 5043983
eigen, 1, 418, 4997956
eigen, 1, 419, 9435149
eigen, 1, 420, 5129324
eigen, 1, 421, 5123763
eigen, 1, 422, 5322577
eigen, 1, 423, 5194126
eigen, 1, 424, 5258556
eigen, 1, 425, 5356150
eigen, 1, 426, 5324029
eigen, 1, 427, 10618694
eigen, 1, 428, 5527852
eigen, 1, 429, 5536960
eigen, 1, 430, 5732678
eigen, 1, 431, 5653990
eigen, 1, 432, 4794604
eigen, 1, 433, 4885365
eigen, 1, 434, 4919459
eigen, 1, 435, 5951049
eigen, 1, 436, 5010190
eigen, 1, 437, 4976447
eigen, 1, 438, 5058209
eigen, 1, 439, 5896206
eigen, 1, 440, 5779245
eigen, 1, 441, 5300696
eigen, 1, 442, 9917536
eigen, 1, 443, 5320233
eigen, 1, 444, 5440067
eigen, 1, 445, 5352814
eigen, 1, 446, 5443424
eigen, 1, 447, 7000331
eigen, 1, 448, 5522642
eigen, 1, 449, 10826284
eigen, 1, 450, 5586042
eigen, 1, 451, 5608594
eigen, 1, 452, 5677554
eigen, 1, 453, 5749460
eigen, 1, 454, 6196069
eigen, 1, 455, 5891306
eigen, 1, 456, 9231766
eigen, 1, 457, 15364257
eigen, 1, 458, 6058931
eigen, 1, 459, 6028345
eigen, 1, 460, 6048252
eigen, 1, 461, 6270018
eigen, 1, 462, 6177835
eigen, 1, 463, 6216888
eigen, 1, 464, 6425600
eigen, 1, 465, 6292531
eigen, 1, 466, 6360639
eigen, 1, 467, 6387398
eigen, 1, 468, 6484642
eigen, 1, 469, 6578528
eigen, 1, 470, 10132341
eigen, 1, 471, 6670420
eigen, 1, 472, 6671133
eigen, 1, 473, 6676432
eigen, 1, 474, 6747676
eigen, 1, 475, 6923787
eigen, 1, 476, 9714936
eigen, 1, 477, 6997827
eigen, 1, 478, 7016331
eigen, 1, 479, 14043724
eigen, 1, 480, 7027232
eigen, 1, 481, 6139984
eigen, 1, 482, 7546238
eigen, 1, 483, 6289194
eigen, 1, 484, 6312728
eigen, 1, 485, 8739080
eigen, 1, 486, 6404120
eigen, 1, 487, 6475455
eigen, 1, 488, 6551889
eigen, 1, 489, 7191129
eigen, 1, 490, 6666654
eigen, 1, 491, 8959966
eigen, 1, 492, 6810063
eigen, 1, 493, 7119525
eigen, 1, 494, 6932905
eigen, 1, 495, 6817989
eigen, 1, 496, 7009378
eigen, 1, 497, 7964694
eigen, 1, 498, 7244120
eigen, 1, 499, 7040356
eigen, 1, 500, 7277482
eigen, 1, 501, 7150032
eigen, 1, 502, 7361611
eigen, 1, 503, 9372412
eigen, 1, 504, 7591032
eigen, 1, 505, 7390625
eigen, 1, 506, 7594289
eigen, 1, 507, 7473701
eigen, 1, 508, 7709875
eigen, 1, 509, 8256624
eigen, 1, 510, 7952531
eigen, 1, 511, 7772342
eigen, 1, 512, 7876529
eigen, 1, 513, 7789134
eigen, 1, 514, 10195778
eigen, 1, 515, 8057298
eigen, 1, 516, 8257846
eigen, 1, 517, 8131419
eigen, 1, 518, 8365999
eigen, 1, 519, 12103476
eigen, 1, 520, 8840290
eigen, 1, 521, 8576064
eigen, 1, 522, 8557279
eigen, 1, 523, 8578889
eigen, 1, 524, 11512184
eigen, 1, 525, 8797289
eigen, 1, 526, 8880246
eigen, 1, 527, 9056617
eigen, 1, 528, 7894141
eigen, 1, 529, 8619826
eigen, 1, 530, 7989100
eigen, 1, 531, 7847204
eigen, 1, 532, 8202481
eigen, 1, 533, 8723481
eigen, 1, 534, 11969443
eigen, 1, 535, 8269508
eigen, 1, 536, 8372131
eigen, 1, 537, 8232308
eigen, 1, 538, 8408629
eigen, 1, 539, 11373843
eigen, 1, 540, 8688706
eigen, 1, 541, 8542481
eigen, 1, 542, 8730013
eigen, 1, 543, 8663578
eigen, 1, 544, 11395515
eigen, 1, 545, 9097675
eigen, 1, 546, 8952251
eigen, 1, 547, 9171694
eigen, 1, 548, 9150083
eigen, 1, 549, 9515960
eigen, 1, 550, 9609036
eigen, 1, 551, 9498167
eigen, 1, 552, 11641417
eigen, 1, 553, 9570513
eigen, 1, 554, 9693515
eigen, 1, 555, 9590030
eigen, 1, 556, 9796078
eigen, 1, 557, 9658278
eigen, 1, 558, 9823769
eigen, 1, 559, 9740043
eigen, 1, 560, 10087635
eigen, 1, 561, 9908249
eigen, 1, 562, 11028865
eigen, 1, 563, 10299334
eigen, 1, 564, 10407937
eigen, 1, 565, 10609888
eigen, 1, 566, 10711067
eigen, 1, 567, 10391337
eigen, 1, 568, 10777492
eigen, 1, 569, 12176903
eigen, 1, 570, 10972049
eigen, 1, 571, 11328869
eigen, 1, 572, 11221347
eigen, 1, 573, 11188195
eigen, 1, 574, 11228341
eigen, 1, 575, 11191291
eigen, 1, 576, 10795437
eigen, 1, 577, 10033524
eigen, 1, 578, 10261814
eigen, 1, 579, 11530117
eigen, 1, 580, 10609046
eigen, 1, 581, 10175490
eigen, 1, 582, 10283544
eigen, 1, 583, 10185470
eigen, 1, 584, 11019929
eigen, 1, 585, 10986836
eigen, 1, 586, 10891507
eigen, 1, 587, 11026781
eigen, 1, 588, 11051267
eigen, 1, 589, 11165582
eigen, 1, 590, 11076385
eigen, 1, 591, 11235383
eigen, 1, 592, 11061237
eigen, 1, 593, 11320643
eigen, 1, 594, 11207011
eigen, 1, 595, 11383342
eigen, 1, 596, 11557249
eigen, 1, 597, 11364976
eigen, 1, 598, 11550426
eigen, 1, 599, 11408960
eigen, 1, 600, 11687755
eigen, 1, 601, 11414200
eigen, 1, 602, 11608605
eigen, 1, 603, 11869665
eigen, 1, 604, 11930160
eigen, 1, 605, 11731496
eigen, 1, 606, 12030188
eigen, 1, 607, 12093166
eigen, 1, 608, 13154713
eigen, 1, 609, 11973411
eigen, 1, 610, 12733981
eigen, 1, 611, 12460987
eigen, 1, 612, 24292101
eigen, 1, 613, 12445188
eigen, 1, 614, 16426894
eigen, 1, 615, 12836434
eigen, 1, 616, 12845180
eigen, 1, 617, 12683677
eigen, 1, 618, 13093166
eigen, 1, 619, 13006424
eigen, 1, 620, 13093937
eigen, 1, 621, 12740073
eigen, 1, 622, 13087596
eigen, 1, 623, 13480064
eigen, 1, 624, 12887129
eigen, 1, 625, 13005221
eigen, 1, 626, 13247467
eigen, 1, 627, 12686010
eigen, 1, 628, 13129465
eigen, 1, 629, 13143010
eigen, 1, 630, 13405103
eigen, 1, 631, 13503507
eigen, 1, 632, 13309403
eigen, 1, 633, 13619566
eigen, 1, 634, 14639232
eigen, 1, 635, 14888773
eigen, 1, 636, 14168949
eigen, 1, 637, 13857834
eigen, 1, 638, 13510120
eigen, 1, 639, 13883552
eigen, 1, 640, 13666654
eigen, 1, 641, 14004280
eigen, 1, 642, 13922816
eigen, 1, 643, 14171664
eigen, 1, 644, 13702412
eigen, 1, 645, 14832165
eigen, 1, 646, 20493159
eigen, 1, 647, 14290087
eigen, 1, 648, 13818078
eigen, 1, 649, 14315144
eigen, 1, 650, 17175803
eigen, 1, 651, 20550897
eigen, 1, 652, 15340982
eigen, 1, 653, 14841904
eigen, 1, 654, 15612413
eigen, 1, 655, 15802850
eigen, 1, 656, 15240063
eigen, 1, 657, 16616571
eigen, 1, 658, 21968483
eigen, 1, 659, 18133242
eigen, 1, 660, 16066055
eigen, 1, 661, 14890516
eigen, 1, 662, 16102945
eigen, 1, 663, 16190329
eigen, 1, 664, 16876139
eigen, 1, 665, 15641247
eigen, 1, 666, 16022283
eigen, 1, 667, 16898571
eigen, 1, 668, 15899923
eigen, 1, 669, 18664992
eigen, 1, 670, 16811587
eigen, 1, 671, 16953293
eigen, 1, 672, 15978521
eigen, 1, 673, 15251344
eigen, 1, 674, 18667677
eigen, 1, 675, 16815575
eigen, 1, 676, 15481667
eigen, 1, 677, 14374806
eigen, 1, 678, 14776701
eigen, 1, 679, 14630868
eigen, 1, 680, 16547190
eigen, 1, 681, 16936552
eigen, 1, 682, 17286380
eigen, 1, 683, 17178937
eigen, 1, 684, 17095100
eigen, 1, 685, 16946891
eigen, 1, 686, 15382480
eigen, 1, 687, 15490753
eigen, 1, 688, 15465938
eigen, 1, 689, 15567588
eigen, 1, 690, 16623043
eigen, 1, 691, 17589780
eigen, 1, 692, 18174751
eigen, 1, 693, 17722280
eigen, 1, 694, 19431112
eigen, 1, 695, 16192132
eigen, 1, 696, 17956179
eigen, 1, 697, 17088358
eigen, 1, 698, 17266332
eigen, 1, 699, 16934438
eigen, 1, 700, 21136779
eigen, 1, 701, 22639825
eigen, 1, 702, 17018497
eigen, 1, 703, 17143451
eigen, 1, 704, 17233280
eigen, 1, 705, 17264198
eigen, 1, 706, 18455598
eigen, 1, 707, 18914601
eigen, 1, 708, 18772474
eigen, 1, 709, 18516813
eigen, 1, 710, 18713403
eigen, 1, 711, 19555396
eigen, 1, 712, 18786811
eigen, 1, 713, 18753017
eigen, 1, 714, 18955378
eigen, 1, 715, 26368806
eigen, 1, 716, 18820905
eigen, 1, 717, 18567889
eigen, 1, 718, 18967110
eigen, 1, 719, 20002076
eigen, 1, 720, 26729575
eigen, 1, 721, 19117902
eigen, 1, 722, 18562890
eigen, 1, 723, 18311357
eigen, 1, 724, 18339911
eigen, 1, 725, 20503479
eigen, 1, 726, 21195028
eigen, 1, 727, 21134625
eigen, 1, 728, 29547181
eigen, 1, 729, 19392911
eigen, 1, 730, 18846042
eigen, 1, 731, 19483109
eigen, 1, 732, 18837025
eigen, 1, 733, 18410113
eigen, 1, 734, 19925171
eigen, 1, 735, 20310857
eigen, 1, 736, 21181323
eigen, 1, 737, 20654562
eigen, 1, 738, 21808071
eigen, 1, 739, 21633102
eigen, 1, 740, 22060115
eigen, 1, 741, 23106943
eigen, 1, 742, 44940442
eigen, 1, 743, 42075916
eigen, 1, 744, 51631332
eigen, 1, 745, 44143814
eigen, 1, 746, 20436282
eigen, 1, 747, 19851031
eigen, 1, 748, 20297251
eigen, 1, 749, 22776562
eigen, 1, 750, 41767817
eigen, 1, 751, 80310571
eigen, 1, 752, 98160480
eigen, 1, 753, 28946532
eigen, 1, 754, 74108060
eigen, 1, 755, 28435030
eigen, 1, 756, 26199077
eigen, 1, 757, 44224366
eigen, 1, 758, 54966221
eigen, 1, 759, 81319718
eigen, 1, 760, 35124196
eigen, 1, 761, 74771658
eigen, 1, 762, 74539191
eigen, 1, 763, 81987934
eigen, 1, 764, 67128367
eigen, 1, 765, 86043950
eigen, 1, 766, 87075199
eigen, 1, 767, 58541604
eigen, 1, 768, 88781386
eigen, 1, 769, 53492211
eigen, 1, 770, 61537305
eigen, 1, 771, 95080701
eigen, 1, 772, 77965994
eigen, 1, 773, 91350446
eigen, 1, 774, 59090616
eigen, 1, 775, 80497332
eigen, 1, 776, 97776920
eigen, 1, 777, 22143462
eigen, 1, 778, 20746616
eigen, 1, 779, 21119507
eigen, 1, 780, 21553002
eigen, 1, 781, 20810796
eigen, 1, 782, 22313592
eigen, 1, 783, 24449357
eigen, 1, 784, 24595081
eigen, 1, 785, 24423539
eigen, 1, 786, 25180171
eigen, 1, 787, 25352625
eigen, 1, 788, 27507938
eigen, 1, 789, 25894504
eigen, 1, 790, 25628183
eigen, 1, 791, 30177265
eigen, 1, 792, 23264339
eigen, 1, 793, 23054265
eigen, 1, 794, 25274298
eigen, 1, 795, 25502396
eigen, 1, 796, 26296329
eigen, 1, 797, 26606212
eigen, 1, 798, 26695019
eigen, 1, 799, 27762215
eigen, 1, 800, 25572509
eigen, 1, 801, 25354338
eigen, 1, 802, 26574242
eigen, 1, 803, 28042262
eigen, 1, 804, 35892772
eigen, 1, 805, 23878795
eigen, 1, 806, 51974907
eigen, 1, 807, 24466600
eigen, 1, 808, 26076916
eigen, 1, 809, 24902730
eigen, 1, 810, 29856233
eigen, 1, 811, 27706070
eigen, 1, 812, 30639375
eigen, 1, 813, 27061037
eigen, 1, 814, 26590613
eigen, 1, 815, 26461711
eigen, 1, 816, 27069503
eigen, 1, 817, 26962412
eigen, 1, 818, 26880768
eigen, 1, 819, 28762456
eigen, 1, 820, 27705840
eigen, 1, 821, 28299336
eigen, 1, 822, 28923870
eigen, 1, 823, 28711670
eigen, 1, 824, 29608647
eigen, 1, 825, 28824143
eigen, 1, 826, 28980916
eigen, 1, 827, 26611613
eigen, 1, 828, 28512055
eigen, 1, 829, 31007748
eigen, 1, 830, 36370940
eigen, 1, 831, 25695169
eigen, 1, 832, 25785038
eigen, 1, 833, 27919400
eigen, 1, 834, 27871170
eigen, 1, 835, 29471629
eigen, 1, 836, 33306260
eigen, 1, 837, 32683729
eigen, 1, 838, 32087388
eigen, 1, 839, 29047712
eigen, 1, 840, 28703044
eigen, 1, 841, 32286592
eigen, 1, 842, 29330424
eigen, 1, 843, 29228442
eigen, 1, 844, 30984304
eigen, 1, 845, 35635328
eigen, 1, 846, 32554124
eigen, 1, 847, 34177887
eigen, 1, 848, 33160955
eigen, 1, 849, 33118356
eigen, 1, 850, 38142270
eigen, 1, 851, 30580614
eigen, 1, 852, 31006525
eigen, 1, 853, 29919822
eigen, 1, 854, 31560547
eigen, 1, 855, 34286221
eigen, 1, 856, 34299046
eigen, 1, 857, 34822299
eigen, 1, 858, 35077459
eigen, 1, 859, 34982330
eigen, 1, 860, 31919192
eigen, 1, 861, 32168960
eigen, 1, 862, 32491397
eigen, 1, 863, 32510552
eigen, 1, 864, 31696713
eigen, 1, 865, 32312571
eigen, 1, 866, 30930913
eigen, 1, 867, 31056499
eigen, 1, 868, 31441032
eigen, 1, 869, 31012787
eigen, 1, 870, 31776864
eigen, 1, 871, 31838128
eigen, 1, 872, 32687516
eigen, 1, 873, 33197855
eigen, 1, 874, 33739664
eigen, 1, 875, 34752648
eigen, 1, 876, 35548575
eigen, 1, 877, 32897009
eigen, 1, 878, 33471419
eigen, 1, 879, 33709136
eigen, 1, 880, 32504481
eigen, 1, 881, 33539237
eigen, 1, 882, 34551629
eigen, 1, 883, 34596445
eigen, 1, 884, 34677987
eigen, 1, 885, 34961161
eigen, 1, 886, 35423278
eigen, 1, 887, 35595833
eigen, 1, 888, 35837568
eigen, 1, 889, 35915515
eigen, 1, 890, 36183459
eigen, 1, 891, 36243681
eigen, 1, 892, 42101234
eigen, 1, 893, 34779669
eigen, 1, 894, 35113246
eigen, 1, 895, 39518288
eigen, 1, 896, 41116232
eigen, 1, 897, 38471880
eigen, 1, 898, 34924391
eigen, 1, 899, 34980466
eigen, 1, 900, 42202074
eigen, 1, 901, 41038546
eigen, 1, 902, 41507378
eigen, 1, 903, 35494843
eigen, 1, 904, 35750274
eigen, 1, 905, 35588730
eigen, 1, 906, 35976730
eigen, 1, 907, 36205870
eigen, 1, 908, 41264630
eigen, 1, 909, 41634256
eigen, 1, 910, 42075566
eigen, 1, 911, 42305999
eigen, 1, 912, 35613016
eigen, 1, 913, 35519901
eigen, 1, 914, 36200970
eigen, 1, 915, 36448707
eigen, 1, 916, 36773247
eigen, 1, 917, 36833260
eigen, 1, 918, 37154455
eigen, 1, 919, 37445541
eigen, 1, 920, 37731238
eigen, 1, 921, 37779339
eigen, 1, 922, 39171276
eigen, 1, 923, 38305888
eigen, 1, 924, 38719777
eigen, 1, 925, 38850914
eigen, 1, 926, 39241146
eigen, 1, 927, 39528437
eigen, 1, 928, 39475759
eigen, 1, 929, 38793575
eigen, 1, 930, 41483553
eigen, 1, 931, 40025091
eigen, 1, 932, 40636380
eigen, 1, 933, 40798204
eigen, 1, 934, 41077309
eigen, 1, 935, 41471490
eigen, 1, 936, 42145327
eigen, 1, 937, 37765342
eigen, 1, 938, 38479074
eigen, 1, 939, 37861333
eigen, 1, 940, 38271264
eigen, 1, 941, 37977751
eigen, 1, 942, 38829985
eigen, 1, 943, 35632623
eigen, 1, 944, 38295799
eigen, 1, 945, 38389416
eigen, 1, 946, 38371191
eigen, 1, 947, 38855371
eigen, 1, 948, 38578922
eigen, 1, 949, 40500826
eigen, 1, 950, 38868746
eigen, 1, 951, 38776073
eigen, 1, 952, 39625720
eigen, 1, 953, 39413240
eigen, 1, 954, 39520221
eigen, 1, 955, 39215199
eigen, 1, 956, 39348639
eigen, 1, 957, 39276934
eigen, 1, 958, 47208576
eigen, 1, 959, 47647841
eigen, 1, 960, 40277895
eigen, 1, 961, 40387242
eigen, 1, 962, 41279950
eigen, 1, 963, 41346977
eigen, 1, 964, 41266053
eigen, 1, 965, 44333671
eigen, 1, 966, 41008580
eigen, 1, 967, 40959448
eigen, 1, 968, 41188318
eigen, 1, 969, 42960520
eigen, 1, 970, 44333591
eigen, 1, 971, 43939961
eigen, 1, 972, 43720027
eigen, 1, 973, 44635759
eigen, 1, 974, 45073302
eigen, 1, 975, 44932086
eigen, 1, 976, 45152040
eigen, 1, 977, 45430894
eigen, 1, 978, 45702815
eigen, 1, 979, 46554787
eigen, 1, 980, 46299738
eigen, 1, 981, 46408212
eigen, 1, 982, 46963255
eigen, 1, 983, 47316139
eigen, 1, 984, 47496688
eigen, 1, 985, 47778518
eigen, 1, 986, 48327170
eigen, 1, 987, 48511385
eigen, 1, 988, 49230878
eigen, 1, 989, 43507438
eigen, 1, 990, 42941984
eigen, 1, 991, 50703808
eigen, 1, 992, 49669333
eigen, 1, 993, 50108298
eigen, 1, 994, 51448848
eigen, 1, 995, 52153944
eigen, 1, 996, 51816460
eigen, 1, 997, 48096706
eigen, 1, 998, 45390198
eigen, 1, 999, 52101135
eigen, 1, 1000, 53289970
eigen, 1, 1001, 53570097
eigen, 1, 1002, 52834884
eigen, 1, 1003, 51135018
eigen, 1, 1004, 47150758
eigen, 1, 1005, 54142183
eigen, 1, 1006, 54431346
eigen, 1, 1007, 54951344
eigen, 1, 1008, 45427748
eigen, 1, 1009, 45857897
eigen, 1, 1010, 46828823
eigen, 1, 1011, 46525542
eigen, 1, 1012, 46849631
eigen, 1, 1013, 47235207
eigen, 1, 1014, 47965560
eigen, 1, 1015, 47700481
eigen, 1, 1016, 48235918
eigen, 1, 1017, 52799858
eigen, 1, 1018, 48164825
eigen, 1, 1019, 53798726
eigen, 1, 1020, 49286984
eigen, 1, 1021, 47651258
eigen, 1, 1022, 45966832
eigen, 1, 1023, 45446203
eigen, 1, 1024, 50864900
eigen, 1, 1025, 50656970
eigen, 1, 1026, 50941214
eigen, 1, 1027, 47301592
eigen, 1, 1028, 48680163
eigen, 1, 1029, 49393885
eigen, 1, 1030, 47594692
eigen, 1, 1031, 50091116
eigen, 1, 1032, 49052674
eigen, 1, 1033, 48504242
eigen, 1, 1034, 50393484
eigen, 1, 1035, 49193408
eigen, 1, 1036, 49487912
eigen, 1, 1037, 50255074
eigen, 1, 1038, 49232982
eigen, 1, 1039, 48596586
eigen, 1, 1040, 50076849
eigen, 1, 1041, 48605914
eigen, 1, 1042, 49786914
eigen, 1, 1043, 53754022
eigen, 1, 1044, 56124499
eigen, 1, 1045, 56506167
eigen, 1, 1046, 51587328
eigen, 1, 1047, 50405166
eigen, 1, 1048, 47551921
eigen, 1, 1049, 46768829
eigen, 1, 1050, 46630780
eigen, 1, 1051, 55086868
eigen, 1, 1052, 52210611
eigen, 1, 1053, 54158143
eigen, 1, 1054, 51624499
eigen, 1, 1055, 52377634
eigen, 1, 1056, 60495657
eigen, 1, 1057, 52813534
eigen, 1, 1058, 53241018
eigen, 1, 1059, 51888495
eigen, 1, 1060, 53823893
eigen, 1, 1061, 62244676
eigen, 1, 1062, 52709638
eigen, 1, 1063, 52230097
eigen, 1, 1064, 52459528
eigen, 1, 1065, 53522698
eigen, 1, 1066, 52965149
eigen, 1, 1067, 55935073
eigen, 1, 1068, 53550339
eigen, 1, 1069, 52319586
eigen, 1, 1070, 53315328
eigen, 1, 1071, 53867245
eigen, 1, 1072, 52338741
eigen, 1, 1073, 52869530
eigen, 1, 1074, 53590264
eigen, 1, 1075, 52388295
eigen, 1, 1076, 55023269
eigen, 1, 1077, 55855583
eigen, 1, 1078, 55844032
eigen, 1, 1079, 60244946
eigen, 1, 1080, 53825086
eigen, 1, 1081, 57273198
eigen, 1, 1082, 56462274
eigen, 1, 1083, 56583141
eigen, 1, 1084, 54881001
eigen, 1, 1085, 54313766
eigen, 1, 1086, 62906510
eigen, 1, 1087, 62128568
eigen, 1, 1088, 62049139
eigen, 1, 1089, 62706965
eigen, 1, 1090, 54119609
eigen, 1, 1091, 62424254
eigen, 1, 1092, 60750967
eigen, 1, 1093, 54175996
eigen, 1, 1094, 55375371
eigen, 1, 1095, 56761647
eigen, 1, 1096, 55661659
eigen, 1, 1097, 55660597
eigen, 1, 1098, 56844403
eigen, 1, 1099, 57754303
eigen, 1, 1100, 55455401
eigen, 1, 1101, 55942457
eigen, 1, 1102, 56570338
eigen, 1, 1103, 57462465
eigen, 1, 1104, 59143876
eigen, 1, 1105, 61109531
eigen, 1, 1106, 59710712
eigen, 1, 1107, 56892564
eigen, 1, 1108, 58675315
eigen, 1, 1109, 58348271
eigen, 1, 1110, 57577931
eigen, 1, 1111, 58541724
eigen, 1, 1112, 57691425
eigen, 1, 1113, 61609592
eigen, 1, 1114, 58695322
eigen, 1, 1115, 59205762
eigen, 1, 1116, 59046523
eigen, 1, 1117, 58632424
eigen, 1, 1118, 58821350
eigen, 1, 1119, 60136702
eigen, 1, 1120, 59477823
eigen, 1, 1121, 67265425
eigen, 1, 1122, 64354121
eigen, 1, 1123, 60077371
eigen, 1, 1124, 58947177
eigen, 1, 1125, 61227092
eigen, 1, 1126, 61649776
eigen, 1, 1127, 60671157
eigen, 1, 1128, 62281755
eigen, 1, 1129, 59581759
eigen, 1, 1130, 61376002
eigen, 1, 1131, 61827652
eigen, 1, 1132, 60160567
eigen, 1, 1133, 60879119
eigen, 1, 1134, 60047725
eigen, 1, 1135, 60139308
eigen, 1, 1136, 60451304
eigen, 1, 1137, 61739215
eigen, 1, 1138, 62255777
eigen, 1, 1139, 62109251
eigen, 1, 1140, 62321489
eigen, 1, 1141, 63789640
eigen, 1, 1142, 81542859
eigen, 1, 1143, 62980008
eigen, 1, 1144, 63726461
eigen, 1, 1145, 63620071
eigen, 1, 1146, 76130893
eigen, 1, 1147, 62489656
eigen, 1, 1148, 55157501
eigen, 1, 1149, 68168984
eigen, 1, 1150, 64629629
eigen, 1, 1151, 64287586
eigen, 1, 1152, 64229227
eigen, 1, 1153, 72092891
eigen, 1, 1154, 64414515
eigen, 1, 1155, 65666278
eigen, 1, 1156, 65421117
eigen, 1, 1157, 69877155
eigen, 1, 1158, 63175526
eigen, 1, 1159, 68499655
eigen, 1, 1160, 66488615
eigen, 1, 1161, 67342280
eigen, 1, 1162, 67310640
eigen, 1, 1163, 67080958
eigen, 1, 1164, 68317874
eigen, 1, 1165, 69203189
eigen, 1, 1166, 65794920
eigen, 1, 1167, 66785342
eigen, 1, 1168, 69892604
eigen, 1, 1169, 69713558
eigen, 1, 1170, 72541304
eigen, 1, 1171, 74994506
eigen, 1, 1172, 65199261
eigen, 1, 1173, 77233706
eigen, 1, 1174, 60199271
eigen, 1, 1175, 82259886
eigen, 1, 1176, 76214530
eigen, 1, 1177, 63082129
eigen, 1, 1178, 62351636
eigen, 1, 1179, 75074327
eigen, 1, 1180, 76168674
eigen, 1, 1181, 73013202
eigen, 1, 1182, 62938521
eigen, 1, 1183, 67925065
eigen, 1, 1184, 74436497
eigen, 1, 1185, 69022960
eigen, 1, 1186, 77381274
eigen, 1, 1187, 70140490
eigen, 1, 1188, 74634159
eigen, 1, 1189, 73633648
eigen, 1, 1190, 73509194
eigen, 1, 1191, 68526857
eigen, 1, 1192, 70487583
eigen, 1, 1193, 70923673
eigen, 1, 1194, 74055651
eigen, 1, 1195, 72411640
eigen, 1, 1196, 93274084
eigen, 1, 1197, 63627746
eigen, 1, 1198, 79441767
eigen, 1, 1199, 77378699
eigen, 1, 1200, 71159276
eigen, 1, 1201, 113915462
eigen, 1, 1202, 63337942
eigen, 1, 1203, 75496009
eigen, 1, 1204, 70880763
eigen, 1, 1205, 74318024
eigen, 1, 1206, 71510827
eigen, 1, 1207, 72004415
eigen, 1, 1208, 72124561
eigen, 1, 1209, 71243575
eigen, 1, 1210, 72777177
eigen, 1, 1211, 78941147
eigen, 1, 1212, 72191556
eigen, 1, 1213, 73157723
eigen, 1, 1214, 91671490
eigen, 1, 1215, 66084555
eigen, 1, 1216, 78027278
eigen, 1, 1217, 76593122
eigen, 1, 1218, 78643677
eigen, 1, 1219, 78298097
eigen, 1, 1220, 81437961
eigen, 1, 1221, 66059959
eigen, 1, 1222, 83107620
eigen, 1, 1223, 121763266
eigen, 1, 1224, 74181268
eigen, 1, 1225, 88877768
eigen, 1, 1226, 63804599
eigen, 1, 1227, 66197287
eigen, 1, 1228, 78716374
eigen, 1, 1229, 80321081
eigen, 1, 1230, 69867437
eigen, 1, 1231, 79924555
eigen, 1, 1232, 85070380
eigen, 1, 1233, 77071922
eigen, 1, 1234, 82114974
eigen, 1, 1235, 84480130
eigen, 1, 1236, 63893065
eigen, 1, 1237, 77458419
eigen, 1, 1238, 80415949
eigen, 1, 1239, 85950275
eigen, 1, 1240, 80742403
eigen, 1, 1241, 78533030
eigen, 1, 1242, 86453921
eigen, 1, 1243, 86158585
eigen, 1, 1244, 76414437
eigen, 1, 1245, 88392004
eigen, 1, 1246, 74009405
eigen, 1, 1247, 91246011
eigen, 1, 1248, 69545081
eigen, 1, 1249, 80946948
eigen, 1, 1250, 79046143
eigen, 1, 1251, 77398757
eigen, 1, 1252, 78684444
eigen, 1, 1253, 77689393
eigen, 1, 1254, 77880072
eigen, 1, 1255, 78906050
eigen, 1, 1256, 79606458
eigen, 1, 1257, 79904067
eigen, 1, 1258, 81269795
