# bytes, threads, direction, time(ns)
1024, 1, g2s, 34882
1024, 1, s2g, 43058
1024, 2, g2s, 20684
1024, 2, s2g, 28828
1024, 4, g2s, 17578
1024, 4, s2g, 25213
1024, 8, g2s, 16013
1024, 8, s2g, 22906
1024, 16, g2s, 9118
1024, 16, s2g, 15814
1024, 32, g2s, 5671
1024, 32, s2g, 12485
1024, 64, g2s, 3201
1024, 64, s2g, 10667
1024, 128, g2s, 2588
1024, 128, s2g, 9146
1024, 256, g2s, 2500
1024, 256, s2g, 8873
2048, 1, g2s, 67551
2048, 1, s2g, 74386
2048, 2, g2s, 39372
2048, 2, s2g, 46204
2048, 4, g2s, 33123
2048, 4, s2g, 40140
2048, 8, g2s, 29997
2048, 8, s2g, 37102
2048, 16, g2s, 28430
2048, 16, s2g, 35691
2048, 32, g2s, 15330
2048, 32, s2g, 22328
2048, 64, g2s, 5684
2048, 64, s2g, 11792
2048, 128, g2s, 3230
2048, 128, s2g, 10453
2048, 256, g2s, 2702
2048, 256, s2g, 8932
2048, 512, g2s, 2994
2048, 512, s2g, 10289
3072, 1, g2s, 100278
3072, 1, s2g, 107153
3072, 2, g2s, 57991
3072, 2, s2g, 64636
3072, 3, g2s, 51753
3072, 3, s2g, 58111
3072, 4, g2s, 48651
3072, 4, s2g, 55093
3072, 6, g2s, 45535
3072, 6, s2g, 51663
3072, 8, g2s, 43966
3072, 8, s2g, 50237
3072, 12, g2s, 42404
3072, 12, s2g, 48774
3072, 16, g2s, 31859
3072, 16, s2g, 38671
3072, 24, g2s, 40844
3072, 24, s2g, 47261
3072, 32, g2s, 21325
3072, 32, s2g, 27359
3072, 48, g2s, 15341
3072, 48, s2g, 21318
3072, 64, g2s, 7274
3072, 64, s2g, 14100
3072, 96, g2s, 5703
3072, 96, s2g, 12262
3072, 128, g2s, 3666
3072, 128, s2g, 9835
3072, 192, g2s, 3317
3072, 192, s2g, 9862
3072, 256, g2s, 2908
3072, 256, s2g, 9774
3072, 384, g2s, 2919
3072, 384, s2g, 9796
3072, 768, g2s, 3732
3072, 768, s2g, 9821
4096, 1, g2s, 133020
4096, 1, s2g, 139505
4096, 2, g2s, 76647
4096, 2, s2g, 83312
4096, 4, g2s, 64186
4096, 4, s2g, 70425
4096, 8, g2s, 57935
4096, 8, s2g, 64598
4096, 16, g2s, 54821
4096, 16, s2g, 61680
4096, 32, g2s, 53265
4096, 32, s2g, 60086
4096, 64, g2s, 15342
4096, 64, s2g, 21412
4096, 128, g2s, 5734
4096, 128, s2g, 12571
4096, 256, g2s, 3423
4096, 256, s2g, 9811
4096, 512, g2s, 3255
4096, 512, s2g, 9813
4096, 1024, g2s, 4460
4096, 1024, s2g, 11316
5120, 1, g2s, 165770
5120, 1, s2g, 172567
5120, 2, g2s, 95341
5120, 2, s2g, 102043
5120, 4, g2s, 79727
5120, 4, s2g, 86199
5120, 5, g2s, 76617
5120, 5, s2g, 83223
5120, 8, g2s, 71960
5120, 8, s2g, 78638
5120, 10, g2s, 70385
5120, 10, s2g, 76873
5120, 16, g2s, 51869
5120, 16, s2g, 58753
5120, 20, g2s, 67260
5120, 20, s2g, 73318
5120, 32, g2s, 41584
5120, 32, s2g, 47643
5120, 40, g2s, 53274
5120, 40, s2g, 60127
5120, 64, g2s, 14285
5120, 64, s2g, 20455
5120, 80, g2s, 15371
5120, 80, s2g, 21340
5120, 128, g2s, 5507
5120, 128, s2g, 11448
5120, 160, g2s, 5787
5120, 160, s2g, 12657
5120, 256, g2s, 3472
5120, 256, s2g, 9815
5120, 320, g2s, 3555
5120, 320, s2g, 9839
5120, 640, g2s, 3670
5120, 640, s2g, 9822
6144, 1, g2s, 198499
6144, 1, s2g, 204987
6144, 2, g2s, 113978
6144, 2, s2g, 120864
6144, 3, g2s, 101494
6144, 3, s2g, 107836
6144, 4, g2s, 95266
6144, 4, s2g, 102031
6144, 6, g2s, 89007
6144, 6, s2g, 95162
6144, 8, g2s, 85890
6144, 8, s2g, 91971
6144, 12, g2s, 82790
6144, 12, s2g, 89063
6144, 16, g2s, 81234
6144, 16, s2g, 87691
6144, 24, g2s, 79677
6144, 24, s2g, 86186
6144, 32, g2s, 59272
6144, 32, s2g, 66008
6144, 48, g2s, 53281
6144, 48, s2g, 60096
6144, 64, g2s, 21350
6144, 64, s2g, 27413
6144, 96, g2s, 15357
6144, 96, s2g, 21413
6144, 128, g2s, 7313
6144, 128, s2g, 14107
6144, 192, g2s, 5879
6144, 192, s2g, 12683
6144, 256, g2s, 3921
6144, 256, s2g, 9855
6144, 384, g2s, 3704
6144, 384, s2g, 9824
6144, 512, g2s, 3538
6144, 512, s2g, 9815
6144, 768, g2s, 4113
6144, 768, s2g, 10066
7168, 1, g2s, 231238
7168, 1, s2g, 237581
7168, 2, g2s, 132621
7168, 2, s2g, 139440
7168, 4, g2s, 110784
7168, 4, s2g, 117235
7168, 7, g2s, 101436
7168, 7, s2g, 107785
7168, 8, g2s, 99875
7168, 8, s2g, 106362
7168, 14, g2s, 95182
7168, 14, s2g, 102006
7168, 16, g2s, 71833
7168, 16, s2g, 78094
7168, 28, g2s, 92076
7168, 28, s2g, 98805
7168, 32, g2s, 57536
7168, 32, s2g, 64230
7168, 56, g2s, 53272
7168, 56, s2g, 60152
7168, 64, g2s, 24207
7168, 64, s2g, 30202
7168, 112, g2s, 15383
7168, 112, s2g, 21387
7168, 128, g2s, 8070
7168, 128, s2g, 14114
7168, 224, g2s, 5937
7168, 224, s2g, 12672
7168, 256, g2s, 4232
7168, 256, s2g, 10527
7168, 448, g2s, 3909
7168, 448, s2g, 9843
7168, 896, g2s, 4526
7168, 896, s2g, 11276
8192, 1, g2s, 263994
8192, 1, s2g, 270509
8192, 2, g2s, 151296
8192, 2, s2g, 158024
8192, 4, g2s, 126341
8192, 4, s2g, 132520
8192, 8, g2s, 113866
8192, 8, s2g, 120699
8192, 16, g2s, 107632
8192, 16, s2g, 113729
8192, 32, g2s, 104497
8192, 32, s2g, 110941
8192, 64, g2s, 53276
8192, 64, s2g, 60105
8192, 128, g2s, 15381
8192, 128, s2g, 21454
8192, 256, g2s, 6036
8192, 256, s2g, 12690
8192, 512, g2s, 4139
8192, 512, s2g, 9993
8192, 1024, g2s, 4969
8192, 1024, s2g, 11293
9216, 1, g2s, 296718
9216, 1, s2g, 303436
9216, 2, g2s, 169884
9216, 2, s2g, 176491
9216, 3, g2s, 151224
9216, 3, s2g, 157947
9216, 4, g2s, 141859
9216, 4, s2g, 148242
9216, 6, g2s, 132491
9216, 6, s2g, 139319
9216, 8, g2s, 127807
9216, 8, s2g, 133974
9216, 9, g2s, 126254
9216, 9, s2g, 132440
9216, 12, g2s, 123133
9216, 12, s2g, 129452
9216, 16, g2s, 91811
9216, 16, s2g, 97823
9216, 18, g2s, 120025
9216, 18, s2g, 126590
9216, 24, g2s, 118471
9216, 24, s2g, 125001
9216, 32, g2s, 73503
9216, 32, s2g, 80399
9216, 36, g2s, 104506
9216, 36, s2g, 111023
9216, 48, g2s, 59275
9216, 48, s2g, 66070
9216, 64, g2s, 33963
9216, 64, s2g, 40076
9216, 72, g2s, 53301
9216, 72, s2g, 60217
9216, 96, g2s, 21357
9216, 96, s2g, 27379
9216, 128, g2s, 11379
9216, 128, s2g, 17445
9216, 144, g2s, 15465
9216, 144, s2g, 21460
9216, 192, g2s, 7502
9216, 192, s2g, 14155
9216, 256, g2s, 5164
9216, 256, s2g, 11314
9216, 288, g2s, 6135
9216, 288, s2g, 12685
9216, 384, g2s, 4268
9216, 384, s2g, 10900
9216, 576, g2s, 4381
9216, 576, s2g, 11267
9216, 768, g2s, 4515
9216, 768, s2g, 11271
10240, 1, g2s, 329453
10240, 1, s2g, 336014
10240, 2, g2s, 188579
10240, 2, s2g, 195317
10240, 4, g2s, 157395
10240, 4, s2g, 163892
10240, 5, g2s, 151147
10240, 5, s2g, 157909
10240, 8, g2s, 141786
10240, 8, s2g, 148222
10240, 10, g2s, 138682
10240, 10, s2g, 145238
10240, 16, g2s, 133990
10240, 16, s2g, 140758
10240, 20, g2s, 132423
10240, 20, s2g, 139234
10240, 32, g2s, 97482
10240, 32, s2g, 103566
10240, 40, g2s, 104505
10240, 40, s2g, 111064
10240, 64, g2s, 41579
10240, 64, s2g, 47618
10240, 80, g2s, 53318
10240, 80, s2g, 60199
10240, 128, g2s, 14313
10240, 128, s2g, 20569
10240, 160, g2s, 15482
10240, 160, s2g, 21495
10240, 256, g2s, 5877
10240, 256, s2g, 12705
10240, 320, g2s, 6234
10240, 320, s2g, 12768
10240, 512, g2s, 4231
10240, 512, s2g, 10609
10240, 640, g2s, 4635
10240, 640, s2g, 11343
11264, 1, g2s, 362208
11264, 1, s2g, 368765
11264, 2, g2s, 207273
11264, 2, s2g, 214085
11264, 4, g2s, 172936
11264, 4, s2g, 179679
11264, 8, g2s, 155786
11264, 8, s2g, 162451
11264, 11, g2s, 151121
11264, 11, s2g, 157875
11264, 16, g2s, 111829
11264, 16, s2g, 117955
11264, 22, g2s, 144874
11264, 22, s2g, 151109
11264, 32, g2s, 89489
11264, 32, s2g, 96183
11264, 44, g2s, 104505
11264, 44, s2g, 111092
11264, 64, g2s, 41182
11264, 64, s2g, 47401
11264, 88, g2s, 53324
11264, 88, s2g, 60208
11264, 128, g2s, 15394
11264, 128, s2g, 21401
11264, 176, g2s, 15618
11264, 176, s2g, 21624
11264, 256, g2s, 6280
11264, 256, s2g, 12717
11264, 352, g2s, 6377
11264, 352, s2g, 12752
11264, 704, g2s, 4938
11264, 704, s2g, 11291
12288, 1, g2s, 394936
12288, 1, s2g, 401556
12288, 2, g2s, 225913
12288, 2, s2g, 232463
12288, 3, g2s, 200936
12288, 3, s2g, 207286
12288, 4, g2s, 188484
12288, 4, s2g, 194948
12288, 6, g2s, 175999
12288, 6, s2g, 182618
12288, 8, g2s, 169752
12288, 8, s2g, 176380
12288, 12, g2s, 163503
12288, 12, s2g, 169790
12288, 16, g2s, 160398
12288, 16, s2g, 166878
12288, 24, g2s, 157283
12288, 24, s2g, 163941
12288, 32, g2s, 155722
12288, 32, s2g, 162488
12288, 48, g2s, 104509
12288, 48, s2g, 111099
12288, 64, g2s, 59273
12288, 64, s2g, 66093
12288, 96, g2s, 53287
12288, 96, s2g, 60118
12288, 128, g2s, 21383
12288, 128, s2g, 27431
12288, 192, g2s, 15628
12288, 192, s2g, 21632
12288, 256, g2s, 7743
12288, 256, s2g, 14121
12288, 384, g2s, 6492
12288, 384, s2g, 12673
12288, 512, g2s, 4758
12288, 512, s2g, 11281
12288, 768, g2s, 5230
12288, 768, s2g, 11290
12288, 1024, g2s, 5385
12288, 1024, s2g, 11358
13312, 1, g2s, 427675
13312, 1, s2g, 434273
13312, 2, g2s, 244541
13312, 2, s2g, 251078
13312, 4, g2s, 203973
13312, 4, s2g, 210204
13312, 8, g2s, 183724
13312, 8, s2g, 190001
13312, 13, g2s, 175932
13312, 13, s2g, 182592
13312, 16, g2s, 131803
13312, 16, s2g, 138057
13312, 26, g2s, 169678
13312, 26, s2g, 176292
13312, 32, g2s, 105449
13312, 32, s2g, 112064
13312, 52, g2s, 104509
13312, 52, s2g, 110944
13312, 64, g2s, 48433
13312, 64, s2g, 54615
13312, 104, g2s, 53341
13312, 104, s2g, 60252
13312, 128, g2s, 20156
13312, 128, s2g, 27149
13312, 208, g2s, 15759
13312, 208, s2g, 22124
13312, 256, g2s, 7576
13312, 256, s2g, 14186
13312, 416, g2s, 6679
13312, 416, s2g, 12794
13312, 832, g2s, 5525
13312, 832, s2g, 11516
14336, 1, g2s, 460428
14336, 1, s2g, 466996
14336, 2, g2s, 263235
14336, 2, s2g, 269584
14336, 4, g2s, 219562
14336, 4, s2g, 225985
14336, 7, g2s, 200841
14336, 7, s2g, 207227
14336, 8, g2s, 197711
14336, 8, s2g, 204326
14336, 14, g2s, 188371
14336, 14, s2g, 194814
14336, 16, g2s, 186805
14336, 16, s2g, 193061
14336, 28, g2s, 182126
14336, 28, s2g, 188473
14336, 32, g2s, 135754
14336, 32, s2g, 142808
14336, 56, g2s, 104508
14336, 56, s2g, 110995
14336, 64, g2s, 57555
14336, 64, s2g, 64222
14336, 112, g2s, 53353
14336, 112, s2g, 60224
14336, 128, g2s, 24241
14336, 128, s2g, 30302
14336, 224, g2s, 15861
14336, 224, s2g, 22695
14336, 256, g2s, 8534
14336, 256, s2g, 15389
14336, 448, g2s, 6781
14336, 448, s2g, 12830
14336, 512, g2s, 5110
14336, 512, s2g, 11349
14336, 896, g2s, 5852
14336, 896, s2g, 12700
15360, 1, g2s, 493155
15360, 1, s2g, 499798
15360, 2, g2s, 281802
15360, 2, s2g, 288295
15360, 3, g2s, 250672
15360, 3, s2g, 257435
15360, 4, g2s, 235078
15360, 4, s2g, 241677
15360, 5, g2s, 225715
15360, 5, s2g, 232138
15360, 6, g2s, 219470
15360, 6, s2g, 225869
15360, 8, g2s, 211678
15360, 8, s2g, 218428
15360, 10, g2s, 206987
15360, 10, s2g, 213458
15360, 12, g2s, 203877
15360, 12, s2g, 210208
15360, 15, g2s, 200756
15360, 15, s2g, 207121
15360, 16, g2s, 151780
15360, 16, s2g, 158174
15360, 20, g2s, 197639
15360, 20, s2g, 204230
15360, 24, g2s, 196096
15360, 24, s2g, 202796
15360, 30, g2s, 194543
15360, 30, s2g, 201275
15360, 32, g2s, 121424
15360, 32, s2g, 127934
15360, 40, g2s, 155739
15360, 40, s2g, 162473
15360, 48, g2s, 97489
15360, 48, s2g, 103596
15360, 60, g2s, 104507
15360, 60, s2g, 111023
15360, 64, g2s, 55660
15360, 64, s2g, 61754
15360, 80, g2s, 59346
15360, 80, s2g, 66067
15360, 96, g2s, 41606
15360, 96, s2g, 47741
15360, 120, g2s, 53380
15360, 120, s2g, 60231
15360, 128, g2s, 25644
15360, 128, s2g, 31519
15360, 160, g2s, 21551
15360, 160, s2g, 28310
15360, 192, g2s, 14656
15360, 192, s2g, 21385
15360, 240, g2s, 15918
15360, 240, s2g, 22776
15360, 256, g2s, 9057
15360, 256, s2g, 15637
15360, 320, g2s, 8017
15360, 320, s2g, 14161
15360, 384, g2s, 6341
15360, 384, s2g, 12685
15360, 480, g2s, 6979
15360, 480, s2g, 12853
15360, 640, g2s, 5337
15360, 640, s2g, 11284
15360, 768, g2s, 5360
15360, 768, s2g, 11273
15360, 960, g2s, 6143
15360, 960, s2g, 12714
16384, 1, g2s, 525896
16384, 1, s2g, 532640
16384, 2, g2s, 300529
16384, 2, s2g, 307024
16384, 4, g2s, 250616
16384, 4, s2g, 257427
16384, 8, g2s, 225644
16384, 8, s2g, 231963
16384, 16, g2s, 213190
16384, 16, s2g, 220017
16384, 32, g2s, 206942
16384, 32, s2g, 213251
16384, 64, g2s, 104504
16384, 64, s2g, 110928
16384, 128, g2s, 53316
16384, 128, s2g, 60206
16384, 256, g2s, 16007
16384, 256, s2g, 22758
16384, 512, g2s, 7091
16384, 512, s2g, 13408
16384, 1024, g2s, 6457
16384, 1024, s2g, 12751
17408, 1, g2s, 558633
17408, 1, s2g, 565224
17408, 2, g2s, 319173
17408, 2, s2g, 325682
17408, 4, g2s, 266093
17408, 4, s2g, 272673
17408, 8, g2s, 239639
17408, 8, s2g, 246010
17408, 16, g2s, 171775
17408, 16, s2g, 178264
17408, 17, g2s, 225608
17408, 17, s2g, 231951
17408, 32, g2s, 137575
17408, 32, s2g, 143849
17408, 34, g2s, 206950
17408, 34, s2g, 213288
17408, 64, g2s, 63330
17408, 64, s2g, 70160
17408, 68, g2s, 104557
17408, 68, s2g, 111080
17408, 128, g2s, 35820
17408, 128, s2g, 42233
17408, 136, g2s, 53659
17408, 136, s2g, 60187
17408, 256, g2s, 12876
17408, 256, s2g, 19313
17408, 272, g2s, 16335
17408, 272, s2g, 22732
17408, 544, g2s, 8541
17408, 544, s2g, 15121
18432, 1, g2s, 591396
18432, 1, s2g, 597998
18432, 2, g2s, 337712
18432, 2, s2g, 344218
18432, 3, g2s, 300434
18432, 3, s2g, 306872
18432, 4, g2s, 281682
18432, 4, s2g, 288101
18432, 6, g2s, 262987
18432, 6, s2g, 269363
18432, 8, g2s, 253613
18432, 8, s2g, 260356
18432, 9, g2s, 250512
18432, 9, s2g, 257102
18432, 12, g2s, 244258
18432, 12, s2g, 250593
18432, 16, g2s, 239599
18432, 16, s2g, 246067
18432, 18, g2s, 238042
18432, 18, s2g, 244539
18432, 24, g2s, 234928
18432, 24, s2g, 241693
18432, 32, g2s, 180687
18432, 32, s2g, 187060
18432, 36, g2s, 206949
18432, 36, s2g, 213242
18432, 48, g2s, 155735
18432, 48, s2g, 162463
18432, 64, g2s, 79061
18432, 64, s2g, 85478
18432, 72, g2s, 104576
18432, 72, s2g, 111133
18432, 96, g2s, 63100
18432, 96, s2g, 69330
18432, 128, g2s, 39872
18432, 128, s2g, 45931
18432, 144, g2s, 53855
18432, 144, s2g, 60322
18432, 192, g2s, 25376
18432, 192, s2g, 31435
18432, 256, g2s, 14689
18432, 256, s2g, 21356
18432, 288, g2s, 19094
18432, 288, s2g, 25657
18432, 384, g2s, 10264
18432, 384, s2g, 16948
18432, 512, g2s, 7546
18432, 512, s2g, 14152
18432, 576, g2s, 9074
18432, 576, s2g, 15635
18432, 768, g2s, 6871
18432, 768, s2g, 12841
19456, 1, g2s, 624116
19456, 1, s2g, 630806
19456, 2, g2s, 356483
19456, 2, s2g, 362956
19456, 4, g2s, 297202
19456, 4, s2g, 303739
19456, 8, g2s, 267566
19456, 8, s2g, 274157
19456, 16, g2s, 191934
19456, 16, s2g, 198457
19456, 19, g2s, 250424
19456, 19, s2g, 257054
19456, 32, g2s, 153667
19456, 32, s2g, 159967
19456, 38, g2s, 206951
19456, 38, s2g, 213327
19456, 64, g2s, 70759
19456, 64, s2g, 77525
19456, 76, g2s, 104589
19456, 76, s2g, 110973
19456, 128, g2s, 39895
19456, 128, s2g, 45980
19456, 152, g2s, 54200
19456, 152, s2g, 60324
19456, 256, g2s, 15786
19456, 256, s2g, 22336
19456, 304, g2s, 19349
19456, 304, s2g, 25686
19456, 608, g2s, 10002
19456, 608, s2g, 16276
20480, 1, g2s, 656874
20480, 1, s2g, 663659
20480, 2, g2s, 375162
20480, 2, s2g, 381606
20480, 4, g2s, 312762
20480, 4, s2g, 319463
20480, 5, g2s, 300274
20480, 5, s2g, 306727
20480, 8, g2s, 281574
20480, 8, s2g, 288003
20480, 10, g2s, 275316
20480, 10, s2g, 281971
20480, 16, g2s, 265973
20480, 16, s2g, 272524
20480, 20, g2s, 262861
20480, 20, s2g, 269209
20480, 32, g2s, 258173
20480, 32, s2g, 264710
20480, 40, g2s, 206956
20480, 40, s2g, 213286
20480, 64, g2s, 102840
20480, 64, s2g, 109260
20480, 80, g2s, 104612
20480, 80, s2g, 111027
20480, 128, g2s, 47732
20480, 128, s2g, 54526
20480, 160, g2s, 59726
20480, 160, s2g, 66101
20480, 256, g2s, 19514
20480, 256, s2g, 25808
20480, 320, g2s, 20495
20480, 320, s2g, 27269
20480, 512, g2s, 9775
20480, 512, s2g, 15826
20480, 640, g2s, 10755
20480, 640, s2g, 16961
20480, 1024, g2s, 7843
20480, 1024, s2g, 14138
21504, 1, g2s, 689617
21504, 1, s2g, 696292
21504, 2, g2s, 393817
21504, 2, s2g, 400304
21504, 3, g2s, 350074
21504, 3, s2g, 356938
21504, 4, g2s, 328296
21504, 4, s2g, 334967
21504, 6, g2s, 306489
21504, 6, s2g, 312977
21504, 7, g2s, 300220
21504, 7, s2g, 306700
21504, 8, g2s, 295564
21504, 8, s2g, 302147
21504, 12, g2s, 284648
21504, 12, s2g, 291137
21504, 14, g2s, 281520
21504, 14, s2g, 287936
21504, 16, g2s, 230168
21504, 16, s2g, 236766
21504, 21, g2s, 275291
21504, 21, s2g, 281928
21504, 24, g2s, 273735
21504, 24, s2g, 280486
21504, 28, g2s, 272177
21504, 28, s2g, 278865
21504, 32, g2s, 180068
21504, 32, s2g, 186867
21504, 42, g2s, 206960
21504, 42, s2g, 213450
21504, 48, g2s, 138138
21504, 48, s2g, 144863
21504, 56, g2s, 155743
21504, 56, s2g, 162398
21504, 64, g2s, 82905
21504, 64, s2g, 89249
21504, 84, g2s, 104661
21504, 84, s2g, 110923
21504, 96, g2s, 64807
21504, 96, s2g, 71348
21504, 112, g2s, 63610
21504, 112, s2g, 70193
21504, 128, g2s, 44191
21504, 128, s2g, 50325
21504, 168, g2s, 60003
21504, 168, s2g, 66304
21504, 192, g2s, 30141
21504, 192, s2g, 36638
21504, 224, g2s, 27252
21504, 224, s2g, 33598
21504, 256, g2s, 20105
21504, 256, s2g, 26493
21504, 336, g2s, 21326
21504, 336, s2g, 27526
21504, 384, g2s, 13121
21504, 384, s2g, 19709
21504, 448, g2s, 13160
21504, 448, s2g, 19835
21504, 672, g2s, 11695
21504, 672, s2g, 18367
21504, 768, g2s, 8737
21504, 768, s2g, 15509
21504, 896, g2s, 8958
21504, 896, s2g, 15621
22528, 1, g2s, 722349
22528, 1, s2g, 729000
22528, 2, g2s, 412447
22528, 2, s2g, 419035
22528, 4, g2s, 343813
22528, 4, s2g, 350271
22528, 8, g2s, 309501
22528, 8, s2g, 316124
22528, 11, g2s, 300169
22528, 11, s2g, 306702
22528, 16, g2s, 292380
22528, 16, s2g, 299149
22528, 22, g2s, 287676
22528, 22, s2g, 294124
22528, 32, g2s, 212411
22528, 32, s2g, 218811
22528, 44, g2s, 206958
22528, 44, s2g, 213338
22528, 64, g2s, 89938
22528, 64, s2g, 96294
22528, 88, g2s, 104657
22528, 88, s2g, 110930
22528, 128, g2s, 47342
22528, 128, s2g, 53742
22528, 176, g2s, 60170
22528, 176, s2g, 66369
22528, 256, g2s, 22627
22528, 256, s2g, 28903
22528, 352, g2s, 23191
22528, 352, s2g, 29905
22528, 512, g2s, 11805
22528, 512, s2g, 18438
22528, 704, g2s, 12331
22528, 704, s2g, 18480
23552, 1, g2s, 755092
23552, 1, s2g, 761863
23552, 2, g2s, 431007
23552, 2, s2g, 437517
23552, 4, g2s, 359367
23552, 4, s2g, 365896
23552, 8, g2s, 323489
23552, 8, s2g, 329978
23552, 16, g2s, 231915
23552, 16, s2g, 238633
23552, 23, g2s, 300117
23552, 23, s2g, 306517
23552, 32, g2s, 185784
23552, 32, s2g, 192578
23552, 46, g2s, 206960
23552, 46, s2g, 213340
23552, 64, g2s, 92055
23552, 64, s2g, 98507
23552, 92, g2s, 104667
23552, 92, s2g, 110991
23552, 128, g2s, 46630
23552, 128, s2g, 53068
23552, 184, g2s, 60514
23552, 184, s2g, 67211
23552, 256, g2s, 23838
23552, 256, s2g, 30144
23552, 368, g2s, 23876
23552, 368, s2g, 30019
23552, 736, g2s, 13086
23552, 736, s2g, 19873
24576, 1, g2s, 787841
24576, 1, s2g, 794679
24576, 2, g2s, 449792
24576, 2, s2g, 456464
24576, 3, g2s, 399878
24576, 3, s2g, 406403
24576, 4, g2s, 374924
24576, 4, s2g, 381567
24576, 6, g2s, 349962
24576, 6, s2g, 356777
24576, 8, g2s, 337478
24576, 8, s2g, 344064
24576, 12, g2s, 325018
24576, 12, s2g, 331567
24576, 16, g2s, 318776
24576, 16, s2g, 325294
24576, 24, g2s, 312547
24576, 24, s2g, 319300
24576, 32, g2s, 309426
24576, 32, s2g, 315843
24576, 48, g2s, 206957
24576, 48, s2g, 213317
24576, 64, g2s, 155738
24576, 64, s2g, 162490
24576, 96, g2s, 104526
24576, 96, s2g, 110974
24576, 128, g2s, 66645
24576, 128, s2g, 73200
24576, 192, g2s, 63412
24576, 192, s2g, 69810
24576, 256, g2s, 31245
24576, 256, s2g, 37519
24576, 384, g2s, 25249
24576, 384, s2g, 31429
24576, 512, g2s, 15613
24576, 512, s2g, 21766
24576, 768, g2s, 13690
24576, 768, s2g, 19884
24576, 1024, g2s, 10562
24576, 1024, s2g, 16983
25600, 1, g2s, 820567
25600, 1, s2g, 827226
25600, 2, g2s, 468407
25600, 2, s2g, 475104
25600, 4, g2s, 390443
25600, 4, s2g, 397170
25600, 5, g2s, 374849
25600, 5, s2g, 381526
25600, 8, g2s, 351446
25600, 8, s2g, 358118
25600, 10, g2s, 343649
25600, 10, s2g, 350098
25600, 16, g2s, 251899
25600, 16, s2g, 258561
25600, 20, g2s, 328041
25600, 20, s2g, 334579
25600, 25, g2s, 324934
25600, 25, s2g, 331411
25600, 32, g2s, 201744
25600, 32, s2g, 208543
25600, 40, g2s, 258290
25600, 40, s2g, 264730
25600, 50, g2s, 206957
25600, 50, s2g, 213331
25600, 64, g2s, 92588
25600, 64, s2g, 99122
25600, 80, g2s, 104322
25600, 80, s2g, 111036
25600, 100, g2s, 104591
25600, 100, s2g, 110962
25600, 128, g2s, 51235
25600, 128, s2g, 57343
25600, 160, g2s, 49443
25600, 160, s2g, 55895
25600, 200, g2s, 64425
25600, 200, s2g, 70852
25600, 256, g2s, 28926
25600, 256, s2g, 35370
25600, 320, g2s, 25073
25600, 320, s2g, 31432
25600, 400, g2s, 26011
25600, 400, s2g, 32707
25600, 640, g2s, 13342
25600, 640, s2g, 19918
25600, 800, g2s, 14448
25600, 800, s2g, 21160
26624, 1, g2s, 853307
26624, 1, s2g, 860042
26624, 2, g2s, 487102
26624, 2, s2g, 493691
26624, 4, g2s, 405976
26624, 4, s2g, 412587
26624, 8, g2s, 365406
26624, 8, s2g, 371955
26624, 13, g2s, 349821
26624, 13, s2g, 356527
26624, 16, g2s, 345133
26624, 16, s2g, 351675
26624, 26, g2s, 337364
26624, 26, s2g, 343979
26624, 32, g2s, 268973
26624, 32, s2g, 275406
26624, 52, g2s, 206959
26624, 52, s2g, 213356
26624, 64, g2s, 118267
26624, 64, s2g, 124999
26624, 104, g2s, 104696
26624, 104, s2g, 111123
26624, 128, g2s, 56571
26624, 128, s2g, 63171
26624, 208, g2s, 65882
26624, 208, s2g, 72231
26624, 256, g2s, 32189
26624, 256, s2g, 38618
26624, 416, g2s, 27347
26624, 416, s2g, 33898
26624, 512, g2s, 16629
26624, 512, s2g, 22793
26624, 832, g2s, 15018
26624, 832, s2g, 21371
27648, 1, g2s, 886060
27648, 1, s2g, 892870
27648, 2, g2s, 505742
27648, 2, s2g, 512424
27648, 3, g2s, 449536
27648, 3, s2g, 456165
27648, 4, g2s, 421544
27648, 4, s2g, 428368
27648, 6, g2s, 393408
27648, 6, s2g, 400135
27648, 8, g2s, 379416
27648, 8, s2g, 385995
27648, 9, g2s, 374737
27648, 9, s2g, 381367
27648, 12, g2s, 365388
27648, 12, s2g, 371961
27648, 16, g2s, 271895
27648, 16, s2g, 278472
27648, 18, g2s, 356022
27648, 18, s2g, 362666
27648, 24, g2s, 351362
27648, 24, s2g, 358065
27648, 27, g2s, 349803
27648, 27, s2g, 356334
27648, 32, g2s, 217732
27648, 32, s2g, 224333
27648, 36, g2s, 309443
27648, 36, s2g, 316011
27648, 48, g2s, 183329
27648, 48, s2g, 189806
27648, 54, g2s, 206952
27648, 54, s2g, 213300
27648, 64, g2s, 99798
27648, 64, s2g, 106374
27648, 72, g2s, 155825
27648, 72, s2g, 162477
27648, 96, g2s, 85189
27648, 96, s2g, 91879
27648, 108, g2s, 105835
27648, 108, s2g, 112101
27648, 128, g2s, 55032
27648, 128, s2g, 61651
27648, 144, g2s, 67333
27648, 144, s2g, 73579
27648, 192, g2s, 45914
27648, 192, s2g, 52452
27648, 216, g2s, 67589
27648, 216, s2g, 74026
27648, 256, g2s, 34547
27648, 256, s2g, 41007
27648, 288, g2s, 36292
27648, 288, s2g, 42931
27648, 384, g2s, 23688
27648, 384, s2g, 30076
27648, 432, g2s, 28050
27648, 432, s2g, 34310
27648, 576, g2s, 18077
27648, 576, s2g, 24348
27648, 768, g2s, 13663
27648, 768, s2g, 20025
27648, 864, g2s, 15748
27648, 864, s2g, 22134
28672, 1, g2s, 918791
28672, 1, s2g, 925553
28672, 2, g2s, 524395
28672, 2, s2g, 531108
28672, 4, g2s, 436988
28672, 4, s2g, 443576
28672, 7, g2s, 399612
28672, 7, s2g, 406165
28672, 8, g2s, 393386
28672, 8, s2g, 400112
28672, 14, g2s, 374676
28672, 14, s2g, 381336
28672, 16, g2s, 371571
28672, 16, s2g, 378280
28672, 28, g2s, 362192
28672, 28, s2g, 368709
28672, 32, g2s, 360636
28672, 32, s2g, 367115
28672, 56, g2s, 206957
28672, 56, s2g, 213219
28672, 64, g2s, 152277
28672, 64, s2g, 158895
28672, 112, g2s, 107557
28672, 112, s2g, 113829
28672, 128, g2s, 67245
28672, 128, s2g, 73382
28672, 224, g2s, 69951
28672, 224, s2g, 76180
28672, 256, g2s, 39611
28672, 256, s2g, 45976
28672, 448, g2s, 29303
28672, 448, s2g, 35769
28672, 512, g2s, 19701
28672, 512, s2g, 25887
28672, 896, g2s, 16382
28672, 896, s2g, 22774
28672, 1024, g2s, 12783
28672, 1024, s2g, 19006
29696, 1, g2s, 951532
29696, 1, s2g, 958362
29696, 2, g2s, 543000
29696, 2, s2g, 549768
29696, 4, g2s, 452567
29696, 4, s2g, 459144
29696, 8, g2s, 407354
29696, 8, s2g, 413850
29696, 16, g2s, 291862
29696, 16, s2g, 298281
29696, 29, g2s, 374623
29696, 29, s2g, 381236
29696, 32, g2s, 233678
29696, 32, s2g, 240075
29696, 58, g2s, 206962
29696, 58, s2g, 213880
29696, 64, g2s, 116120
29696, 64, s2g, 122730
29696, 116, g2s, 106719
29696, 116, s2g, 112909
29696, 128, g2s, 58748
29696, 128, s2g, 65000
29696, 232, g2s, 70840
29696, 232, s2g, 77416
29696, 256, g2s, 40372
29696, 256, s2g, 46757
29696, 464, g2s, 30029
29696, 464, s2g, 36080
29696, 928, g2s, 17119
29696, 928, s2g, 23163
30720, 1, g2s, 984282
30720, 1, s2g, 991043
30720, 2, g2s, 561753
30720, 2, s2g, 568556
30720, 3, g2s, 499340
30720, 3, s2g, 506113
30720, 4, g2s, 468046
30720, 4, s2g, 474638
30720, 5, g2s, 449424
30720, 5, s2g, 455943
30720, 6, g2s, 436955
30720, 6, s2g, 443789
30720, 8, g2s, 421372
30720, 8, s2g, 428497
30720, 10, g2s, 411985
30720, 10, s2g, 418441
30720, 12, g2s, 405758
30720, 12, s2g, 412378
30720, 15, g2s, 399523
30720, 15, s2g, 406320
30720, 16, g2s, 397957
30720, 16, s2g, 404775
30720, 20, g2s, 393281
30720, 20, s2g, 400017
30720, 24, g2s, 390158
30720, 24, s2g, 396555
30720, 30, g2s, 387060
30720, 30, s2g, 393580
30720, 32, g2s, 288925
30720, 32, s2g, 295249
30720, 40, g2s, 309448
30720, 40, s2g, 315775
30720, 48, g2s, 260177
30720, 48, s2g, 266660
30720, 60, g2s, 206968
30720, 60, s2g, 213919
30720, 64, g2s, 121892
30720, 64, s2g, 128714
30720, 80, g2s, 155869
30720, 80, s2g, 162067
30720, 96, g2s, 109796
30720, 96, s2g, 116205
30720, 120, g2s, 106008
30720, 120, s2g, 112652
30720, 128, g2s, 65020
30720, 128, s2g, 71505
30720, 160, g2s, 68838
30720, 160, s2g, 75046
30720, 192, g2s, 53035
30720, 192, s2g, 59185
30720, 240, g2s, 72420
30720, 240, s2g, 79164
30720, 256, g2s, 44130
30720, 256, s2g, 50485
30720, 320, g2s, 40557
30720, 320, s2g, 47126
30720, 384, g2s, 30992
30720, 384, s2g, 37416
30720, 480, g2s, 31185
30720, 480, s2g, 37372
30720, 512, g2s, 22503
30720, 512, s2g, 28695
30720, 640, g2s, 20575
30720, 640, s2g, 27349
30720, 768, g2s, 17005
30720, 768, s2g, 23119
30720, 960, g2s, 17750
30720, 960, s2g, 24385
31744, 1, g2s, 1017015
31744, 1, s2g, 1023741
31744, 2, g2s, 580353
31744, 2, s2g, 587082
31744, 4, g2s, 483632
31744, 4, s2g, 490308
31744, 8, g2s, 435309
31744, 8, s2g, 441853
31744, 16, g2s, 311871
31744, 16, s2g, 318311
31744, 31, g2s, 399450
31744, 31, s2g, 406270
31744, 32, g2s, 249658
31744, 32, s2g, 255972
31744, 62, g2s, 206962
31744, 62, s2g, 213822
31744, 64, g2s, 114246
31744, 64, s2g, 120724
31744, 124, g2s, 105371
31744, 124, s2g, 111634
31744, 128, g2s, 57845
31744, 128, s2g, 64459
31744, 248, g2s, 74511
31744, 248, s2g, 80813
31744, 256, g2s, 46606
31744, 256, s2g, 53099
31744, 496, g2s, 31860
31744, 496, s2g, 38434
31744, 992, g2s, 18439
31744, 992, s2g, 24419
32768, 1, g2s, 1049751
32768, 1, s2g, 1056770
32768, 2, g2s, 598425
32768, 2, s2g, 605060
32768, 4, g2s, 499204
32768, 4, s2g, 505678
32768, 8, g2s, 449302
32768, 8, s2g, 455883
32768, 16, g2s, 424330
32768, 16, s2g, 430963
32768, 32, g2s, 411881
32768, 32, s2g, 418367
32768, 64, g2s, 206950
32768, 64, s2g, 213752
32768, 128, g2s, 104567
32768, 128, s2g, 111177
32768, 256, g2s, 76561
32768, 256, s2g, 82965
32768, 512, g2s, 32985
32768, 512, s2g, 39143
32768, 1024, g2s, 19056
32768, 1024, s2g, 25778
33792, 1, g2s, 1082492
33792, 1, s2g, 1089345
33792, 2, g2s, 617667
33792, 2, s2g, 624313
33792, 3, g2s, 549051
33792, 3, s2g, 555675
33792, 4, g2s, 514736
33792, 4, s2g, 521230
33792, 6, g2s, 480439
33792, 6, s2g, 487069
33792, 8, g2s, 463240
33792, 8, s2g, 469999
33792, 11, g2s, 449225
33792, 11, s2g, 455825
33792, 12, g2s, 446120
33792, 12, s2g, 452702
33792, 16, g2s, 331867
33792, 16, s2g, 338502
33792, 22, g2s, 430524
33792, 22, s2g, 437038
33792, 24, g2s, 428968
33792, 24, s2g, 435487
33792, 32, g2s, 265641
33792, 32, s2g, 272024
33792, 33, g2s, 411920
33792, 33, s2g, 418388
33792, 44, g2s, 309452
33792, 44, s2g, 315850
33792, 48, g2s, 212436
33792, 48, s2g, 218625
33792, 64, g2s, 121579
33792, 64, s2g, 128542
33792, 66, g2s, 207008
33792, 66, s2g, 213868
33792, 88, g2s, 156247
33792, 88, s2g, 162953
33792, 96, g2s, 97061
33792, 96, s2g, 103609
33792, 128, g2s, 66346
33792, 128, s2g, 72781
33792, 132, g2s, 104690
33792, 132, s2g, 111162
33792, 176, g2s, 69099
33792, 176, s2g, 75216
33792, 192, g2s, 54087
33792, 192, s2g, 60471
33792, 256, g2s, 50973
33792, 256, s2g, 57478
33792, 264, g2s, 77293
33792, 264, s2g, 83719
33792, 352, g2s, 44582
33792, 352, s2g, 50774
33792, 384, g2s, 36473
33792, 384, s2g, 42913
33792, 528, g2s, 33689
33792, 528, s2g, 40236
33792, 704, g2s, 23019
33792, 704, s2g, 29390
33792, 768, g2s, 19673
33792, 768, s2g, 25822
34816, 1, g2s, 1115252
34816, 1, s2g, 1121959
34816, 2, g2s, 636353
34816, 2, s2g, 643034
34816, 4, g2s, 530271
34816, 4, s2g, 536893
34816, 8, g2s, 477241
34816, 8, s2g, 483761
34816, 16, g2s, 450750
34816, 16, s2g, 457327
34816, 17, g2s, 449196
34816, 17, s2g, 455744
34816, 32, g2s, 327180
34816, 32, s2g, 333926
34816, 34, g2s, 411908
34816, 34, s2g, 418320
34816, 64, g2s, 137863
34816, 64, s2g, 144566
34816, 68, g2s, 207056
34816, 68, s2g, 213927
34816, 128, g2s, 72478
34816, 128, s2g, 79077
34816, 136, g2s, 104845
34816, 136, s2g, 111209
34816, 256, g2s, 53305
34816, 256, s2g, 59619
34816, 272, g2s, 78780
34816, 272, s2g, 85182
34816, 512, g2s, 28969
34816, 512, s2g, 35467
34816, 544, g2s, 34935
34816, 544, s2g, 41633
35840, 1, g2s, 1147973
35840, 1, s2g, 1154777
35840, 2, g2s, 654899
35840, 2, s2g, 661646
35840, 4, g2s, 545828
35840, 4, s2g, 552539
35840, 5, g2s, 523969
35840, 5, s2g, 530729
35840, 7, g2s, 499015
35840, 7, s2g, 505409
35840, 8, g2s, 491224
35840, 8, s2g, 499856
35840, 10, g2s, 480298
35840, 10, s2g, 486878
35840, 14, g2s, 467784
35840, 14, s2g, 474412
35840, 16, g2s, 351854
35840, 16, s2g, 358736
35840, 20, g2s, 458472
35840, 20, s2g, 464975
35840, 28, g2s, 452249
35840, 28, s2g, 458776
35840, 32, g2s, 281630
35840, 32, s2g, 287981
35840, 35, g2s, 411911
35840, 35, s2g, 418330
35840, 40, g2s, 362888
35840, 40, s2g, 369272
35840, 56, g2s, 262807
35840, 56, s2g, 269193
35840, 64, g2s, 128671
35840, 64, s2g, 134919
35840, 70, g2s, 207056
35840, 70, s2g, 213917
35840, 80, g2s, 152715
35840, 80, s2g, 159064
35840, 112, g2s, 110259
35840, 112, s2g, 116832
35840, 128, g2s, 70468
35840, 128, s2g, 76766
35840, 140, g2s, 106262
35840, 140, s2g, 112625
35840, 160, g2s, 68013
35840, 160, s2g, 74155
35840, 224, g2s, 60282
35840, 224, s2g, 66579
35840, 256, g2s, 53940
35840, 256, s2g, 60439
35840, 280, g2s, 81051
35840, 280, s2g, 87615
35840, 320, g2s, 50091
35840, 320, s2g, 56490
35840, 448, g2s, 36549
35840, 448, s2g, 42998
35840, 560, g2s, 35561
35840, 560, s2g, 41888
35840, 640, g2s, 25965
35840, 640, s2g, 32275
35840, 896, g2s, 20540
35840, 896, s2g, 27257
36864, 1, g2s, 1180715
36864, 1, s2g, 1187510
36864, 2, g2s, 673627
36864, 2, s2g, 680319
36864, 3, g2s, 598772
36864, 3, s2g, 605382
36864, 4, g2s, 561291
36864, 4, s2g, 568028
36864, 6, g2s, 523924
36864, 6, s2g, 530672
36864, 8, g2s, 505186
36864, 8, s2g, 511974
36864, 9, g2s, 498829
36864, 9, s2g, 505227
36864, 12, g2s, 486505
36864, 12, s2g, 493247
36864, 16, g2s, 477134
36864, 16, s2g, 483587
36864, 18, g2s, 474000
36864, 18, s2g, 480532
36864, 24, g2s, 467783
36864, 24, s2g, 474418
36864, 32, g2s, 487948
36864, 32, s2g, 494588
36864, 36, g2s, 411910
36864, 36, s2g, 418374
36864, 48, g2s, 309454
36864, 48, s2g, 315784
36864, 64, g2s, 196215
36864, 64, s2g, 202644
36864, 72, g2s, 207091
36864, 72, s2g, 213912
36864, 96, g2s, 170586
36864, 96, s2g, 177015
36864, 128, g2s, 86384
36864, 128, s2g, 92490
36864, 144, g2s, 108502
36864, 144, s2g, 115124
36864, 192, g2s, 72924
36864, 192, s2g, 79362
36864, 256, g2s, 57618
36864, 256, s2g, 63930
36864, 288, g2s, 82433
36864, 288, s2g, 88834
36864, 384, g2s, 48402
36864, 384, s2g, 54707
36864, 512, g2s, 33189
36864, 512, s2g, 39507
36864, 576, g2s, 36711
36864, 576, s2g, 43165
36864, 768, g2s, 25358
36864, 768, s2g, 31535
36864, 1024, g2s, 18981
36864, 1024, s2g, 25655
37888, 1, g2s, 1213473
37888, 1, s2g, 1220391
37888, 2, g2s, 692293
37888, 2, s2g, 699007
37888, 4, g2s, 576907
37888, 4, s2g, 583424
37888, 8, g2s, 519177
37888, 8, s2g, 525743
37888, 16, g2s, 371833
37888, 16, s2g, 378595
37888, 32, g2s, 297591
37888, 32, s2g, 303979
37888, 37, g2s, 411909
37888, 37, s2g, 418427
37888, 64, g2s, 150432
37888, 64, s2g, 156869
37888, 74, g2s, 207108
37888, 74, s2g, 213923
37888, 128, g2s, 76664
37888, 128, s2g, 83334
37888, 148, g2s, 111329
37888, 148, s2g, 117776
37888, 256, g2s, 56769
37888, 256, s2g, 63243
37888, 296, g2s, 83319
37888, 296, s2g, 89628
37888, 592, g2s, 37516
37888, 592, s2g, 43991
38912, 1, g2s, 1246190
38912, 1, s2g, 1252925
38912, 2, g2s, 710951
38912, 2, s2g, 717643
38912, 4, g2s, 592413
38912, 4, s2g, 599480
38912, 8, g2s, 533147
38912, 8, s2g, 539754
38912, 16, g2s, 503532
38912, 16, s2g, 510193
38912, 19, g2s, 498858
38912, 19, s2g, 505354
38912, 32, g2s, 365422
38912, 32, s2g, 371884
38912, 38, g2s, 411909
38912, 38, s2g, 418457
38912, 64, g2s, 153924
38912, 64, s2g, 160506
38912, 76, g2s, 207163
38912, 76, s2g, 214095
38912, 128, g2s, 80960
38912, 128, s2g, 87409
38912, 152, g2s, 113497
38912, 152, s2g, 120004
38912, 256, g2s, 58519
38912, 256, s2g, 64947
38912, 304, g2s, 84842
38912, 304, s2g, 91135
38912, 512, g2s, 36128
38912, 512, s2g, 42502
38912, 608, g2s, 38749
38912, 608, s2g, 44855
39936, 1, g2s, 1278945
39936, 1, s2g, 1285736
39936, 2, g2s, 729625
39936, 2, s2g, 736393
39936, 3, g2s, 648405
39936, 3, s2g, 655209
39936, 4, g2s, 607952
39936, 4, s2g, 614760
39936, 6, g2s, 567395
39936, 6, s2g, 574120
39936, 8, g2s, 547118
39936, 8, s2g, 553860
39936, 12, g2s, 526838
39936, 12, s2g, 533565
39936, 13, g2s, 523747
39936, 13, s2g, 530307
39936, 16, g2s, 391825
39936, 16, s2g, 398240
39936, 24, g2s, 532463
39936, 24, s2g, 538966
39936, 26, g2s, 505060
39936, 26, s2g, 511782
39936, 32, g2s, 313552
39936, 32, s2g, 319926
39936, 39, g2s, 411910
39936, 39, s2g, 418341
39936, 48, g2s, 269107
39936, 48, s2g, 275674
39936, 52, g2s, 309453
39936, 52, s2g, 315809
39936, 64, g2s, 143135
39936, 64, s2g, 149725
39936, 78, g2s, 207210
39936, 78, s2g, 213950
39936, 96, g2s, 121164
39936, 96, s2g, 127618
39936, 104, g2s, 170637
39936, 104, s2g, 177076
39936, 128, g2s, 80194
39936, 128, s2g, 86597
39936, 156, g2s, 115660
39936, 156, s2g, 122164
39936, 192, g2s, 64624
39936, 192, s2g, 70741
39936, 208, g2s, 75287
39936, 208, s2g, 81906
39936, 256, g2s, 59467
39936, 256, s2g, 65977
39936, 312, g2s, 86763
39936, 312, s2g, 93290
39936, 384, g2s, 51264
39936, 384, s2g, 57607
39936, 416, g2s, 52087
39936, 416, s2g, 58667
39936, 624, g2s, 39487
39936, 624, s2g, 46036
39936, 768, g2s, 26821
39936, 768, s2g, 33100
39936, 832, g2s, 27608
39936, 832, s2g, 34280
40960, 1, g2s, 1311696
40960, 1, s2g, 1318565
40960, 2, g2s, 748143
40960, 2, s2g, 754759
40960, 4, g2s, 623515
40960, 4, s2g, 630226
40960, 5, g2s, 598565
40960, 5, s2g, 605148
40960, 8, g2s, 561138
40960, 8, s2g, 567706
40960, 10, g2s, 548664
40960, 10, s2g, 555562
40960, 16, g2s, 529957
40960, 16, s2g, 536604
40960, 20, g2s, 523713
40960, 20, s2g, 530416
40960, 32, g2s, 514347
40960, 32, s2g, 520953
40960, 40, g2s, 411909
40960, 40, s2g, 418390
40960, 64, g2s, 274859
40960, 64, s2g, 281402
40960, 80, g2s, 207240
40960, 80, s2g, 214229
40960, 128, g2s, 111660
40960, 128, s2g, 118152
40960, 160, g2s, 117718
40960, 160, s2g, 124251
40960, 256, g2s, 69494
40960, 256, s2g, 76026
40960, 320, g2s, 88304
40960, 320, s2g, 94964
40960, 512, g2s, 42317
40960, 512, s2g, 48780
40960, 640, g2s, 40729
40960, 640, s2g, 47475
40960, 1024, g2s, 23888
40960, 1024, s2g, 30130
41984, 1, g2s, 1344422
41984, 1, s2g, 1351297
41984, 2, g2s, 766718
41984, 2, s2g, 773442
41984, 4, g2s, 639061
41984, 4, s2g, 645731
41984, 8, g2s, 575092
41984, 8, s2g, 581737
41984, 16, g2s, 411824
41984, 16, s2g, 418327
41984, 32, g2s, 329539
41984, 32, s2g, 335887
41984, 41, g2s, 411912
41984, 41, s2g, 418435
41984, 64, g2s, 150390
41984, 64, s2g, 156968
41984, 82, g2s, 207233
41984, 82, s2g, 214060
41984, 128, g2s, 82745
41984, 128, s2g, 89299
41984, 164, g2s, 118043
41984, 164, s2g, 124477
41984, 256, g2s, 62282
41984, 256, s2g, 68789
41984, 328, g2s, 89318
41984, 328, s2g, 95661
41984, 656, g2s, 41535
41984, 656, s2g, 47561
43008, 1, g2s, 1377172
43008, 1, s2g, 1384026
43008, 2, g2s, 785575
43008, 2, s2g, 792277
43008, 3, g2s, 698260
43008, 3, s2g, 704931
43008, 4, g2s, 654560
43008, 4, s2g, 661211
43008, 6, g2s, 610910
43008, 6, s2g, 617604
43008, 7, g2s, 598433
43008, 7, s2g, 605015
43008, 8, g2s, 589053
43008, 8, s2g, 595791
43008, 12, g2s, 567230
43008, 12, s2g, 573978
43008, 14, g2s, 561010
43008, 14, s2g, 567493
43008, 16, g2s, 591659
43008, 16, s2g, 598465
43008, 21, g2s, 548516
43008, 21, s2g, 555401
43008, 24, g2s, 545398
43008, 24, s2g, 552120
43008, 28, g2s, 542282
43008, 28, s2g, 548833
43008, 32, g2s, 441874
43008, 32, s2g, 448500
43008, 42, g2s, 411909
43008, 42, s2g, 418367
43008, 48, g2s, 371206
43008, 48, s2g, 377648
43008, 56, g2s, 309455
43008, 56, s2g, 315853
43008, 64, g2s, 188392
43008, 64, s2g, 195092
43008, 84, g2s, 207387
43008, 84, s2g, 214184
43008, 96, g2s, 154508
43008, 96, s2g, 160684
43008, 112, g2s, 170781
43008, 112, s2g, 177297
43008, 128, g2s, 91031
43008, 128, s2g, 97479
43008, 168, g2s, 118264
43008, 168, s2g, 124851
43008, 192, g2s, 74812
43008, 192, s2g, 81128
43008, 224, g2s, 82740
43008, 224, s2g, 89363
43008, 256, g2s, 63398
43008, 256, s2g, 69739
43008, 336, g2s, 90886
43008, 336, s2g, 97165
43008, 384, g2s, 60324
43008, 384, s2g, 66639
43008, 448, g2s, 55811
43008, 448, s2g, 62047
43008, 512, g2s, 44002
43008, 512, s2g, 50455
43008, 672, g2s, 42770
43008, 672, s2g, 48949
43008, 768, g2s, 31888
43008, 768, s2g, 38450
43008, 896, g2s, 29861
43008, 896, s2g, 35918
44032, 1, g2s, 1409917
44032, 1, s2g, 1416823
44032, 2, g2s, 804244
44032, 2, s2g, 810967
44032, 4, g2s, 670124
44032, 4, s2g, 676845
44032, 8, g2s, 603066
44032, 8, s2g, 609630
44032, 16, g2s, 431818
44032, 16, s2g, 438350
44032, 32, g2s, 345528
44032, 32, s2g, 351931
44032, 43, g2s, 411911
44032, 43, s2g, 418433
44032, 64, g2s, 170374
44032, 64, s2g, 176719
44032, 86, g2s, 207486
44032, 86, s2g, 214292
44032, 128, g2s, 88131
44032, 128, s2g, 94595
44032, 172, g2s, 118175
44032, 172, s2g, 124618
44032, 256, g2s, 65226
44032, 256, s2g, 71618
44032, 344, g2s, 92662
44032, 344, s2g, 99289
44032, 688, g2s, 43529
44032, 688, s2g, 50278
45056, 1, g2s, 1442652
45056, 1, s2g, 1449571
45056, 2, g2s, 822918
45056, 2, s2g, 829613
45056, 4, g2s, 685656
45056, 4, s2g, 692299
45056, 8, g2s, 617018
45056, 8, s2g, 623708
45056, 11, g2s, 598297
45056, 11, s2g, 604929
45056, 16, g2s, 582700
45056, 16, s2g, 589244
45056, 22, g2s, 573371
45056, 22, s2g, 580163
45056, 32, g2s, 565580
45056, 32, s2g, 572210
45056, 44, g2s, 411910
45056, 44, s2g, 418376
45056, 64, g2s, 219217
45056, 64, s2g, 225593
45056, 88, g2s, 207680
45056, 88, s2g, 214296
45056, 128, g2s, 101817
45056, 128, s2g, 108335
45056, 176, g2s, 118314
45056, 176, s2g, 124863
45056, 256, g2s, 70389
45056, 256, s2g, 76860
45056, 352, g2s, 94460
45056, 352, s2g, 101072
45056, 512, g2s, 49417
45056, 512, s2g, 55793
45056, 704, g2s, 44782
45056, 704, s2g, 51246
45056, 1024, g2s, 26887
45056, 1024, s2g, 33074
46080, 1, g2s, 1475393
46080, 1, s2g, 1482184
46080, 2, g2s, 841547
46080, 2, s2g, 848427
46080, 3, g2s, 747949
46080, 3, s2g, 754722
46080, 4, g2s, 701142
46080, 4, s2g, 707837
46080, 5, g2s, 673064
46080, 5, s2g, 679892
46080, 6, g2s, 654334
46080, 6, s2g, 661099
46080, 8, g2s, 631001
46080, 8, s2g, 637810
46080, 9, g2s, 623176
46080, 9, s2g, 629793
46080, 10, g2s, 616911
46080, 10, s2g, 623560
46080, 12, g2s, 607595
46080, 12, s2g, 614280
46080, 15, g2s, 598261
46080, 15, s2g, 604949
46080, 16, g2s, 451801
46080, 16, s2g, 458570
46080, 18, g2s, 592020
46080, 18, s2g, 598779
46080, 20, g2s, 588895
46080, 20, s2g, 595671
46080, 24, g2s, 584209
46080, 24, s2g, 590741
46080, 30, g2s, 579563
46080, 30, s2g, 586203
46080, 32, g2s, 361498
46080, 32, s2g, 367901
46080, 36, g2s, 514366
46080, 36, s2g, 520976
46080, 40, g2s, 489986
46080, 40, s2g, 496511
46080, 45, g2s, 412109
46080, 45, s2g, 418546
46080, 48, g2s, 290496
46080, 48, s2g, 296779
46080, 60, g2s, 309482
46080, 60, s2g, 315911
46080, 64, g2s, 164912
46080, 64, s2g, 171654
46080, 72, g2s, 275634
46080, 72, s2g, 282097
46080, 80, g2s, 197200
46080, 80, s2g, 203777
46080, 90, g2s, 207729
46080, 90, s2g, 214194
46080, 96, g2s, 124525
46080, 96, s2g, 131266
46080, 120, g2s, 172656
46080, 120, s2g, 179265
46080, 128, g2s, 90157
46080, 128, s2g, 96744
46080, 144, g2s, 112419
46080, 144, s2g, 118791
46080, 160, g2s, 87668
46080, 160, s2g, 93818
46080, 180, g2s, 118365
46080, 180, s2g, 124891
46080, 192, g2s, 72812
46080, 192, s2g, 79269
46080, 240, g2s, 86315
46080, 240, s2g, 92532
46080, 256, g2s, 68275
46080, 256, s2g, 74764
46080, 288, g2s, 77685
46080, 288, s2g, 83990
46080, 320, g2s, 72877
46080, 320, s2g, 79291
46080, 360, g2s, 95395
46080, 360, s2g, 101884
46080, 384, g2s, 67889
46080, 384, s2g, 74351
46080, 480, g2s, 59515
46080, 480, s2g, 66218
46080, 576, g2s, 47920
46080, 576, s2g, 54440
46080, 640, g2s, 42265
46080, 640, s2g, 48761
46080, 720, g2s, 45596
46080, 720, s2g, 51830
46080, 768, g2s, 34944
46080, 768, s2g, 41510
46080, 960, g2s, 32183
46080, 960, s2g, 38871
47104, 1, g2s, 1508143
47104, 1, s2g, 1515103
47104, 2, g2s, 860233
47104, 2, s2g, 867091
47104, 4, g2s, 716653
47104, 4, s2g, 723422
47104, 8, g2s, 644999
47104, 8, s2g, 651647
47104, 16, g2s, 609095
47104, 16, s2g, 615913
47104, 23, g2s, 598217
47104, 23, s2g, 604890
47104, 32, g2s, 441922
47104, 32, s2g, 448535
47104, 46, g2s, 412108
47104, 46, s2g, 418509
47104, 64, g2s, 185816
47104, 64, s2g, 192266
47104, 92, g2s, 207898
47104, 92, s2g, 214207
47104, 128, g2s, 97977
47104, 128, s2g, 104220
47104, 184, g2s, 118398
47104, 184, s2g, 124906
47104, 256, g2s, 71196
47104, 256, s2g, 77732
47104, 368, g2s, 96928
47104, 368, s2g, 103553
47104, 512, g2s, 52533
47104, 512, s2g, 59046
47104, 736, g2s, 46764
47104, 736, s2g, 53343
48128, 1, g2s, 1540875
48128, 1, s2g, 1547620
48128, 2, g2s, 878710
48128, 2, s2g, 885458
48128, 4, g2s, 732157
48128, 4, s2g, 739071
48128, 8, g2s, 658953
48128, 8, s2g, 666331
48128, 16, g2s, 471779
48128, 16, s2g, 478561
48128, 32, g2s, 377471
48128, 32, s2g, 383935
48128, 47, g2s, 412107
48128, 47, s2g, 418574
48128, 64, g2s, 176158
48128, 64, s2g, 182849
48128, 94, g2s, 208046
48128, 94, s2g, 214234
48128, 128, g2s, 94980
48128, 128, s2g, 101195
48128, 188, g2s, 118618
48128, 188, s2g, 125143
48128, 256, g2s, 70243
48128, 256, s2g, 76863
48128, 376, g2s, 98576
48128, 376, s2g, 105228
48128, 752, g2s, 47591
48128, 752, s2g, 53942
49152, 1, g2s, 1573615
49152, 1, s2g, 1581268
49152, 2, g2s, 897526
49152, 2, s2g, 904298
49152, 3, g2s, 797762
49152, 3, s2g, 804493
49152, 4, g2s, 747804
49152, 4, s2g, 754591
49152, 6, g2s, 697894
49152, 6, s2g, 704553
49152, 8, g2s, 672948
49152, 8, s2g, 679737
49152, 12, g2s, 647990
49152, 12, s2g, 654626
49152, 16, g2s, 635520
49152, 16, s2g, 642244
49152, 24, g2s, 623027
49152, 24, s2g, 629706
49152, 32, g2s, 616821
49152, 32, s2g, 623478
49152, 48, g2s, 412108
49152, 48, s2g, 418506
49152, 64, g2s, 309440
49152, 64, s2g, 315864
49152, 96, g2s, 206990
49152, 96, s2g, 213934
49152, 128, g2s, 172936
49152, 128, s2g, 179395
49152, 192, g2s, 120340
49152, 192, s2g, 126841
49152, 256, g2s, 93396
49152, 256, s2g, 99939
49152, 384, g2s, 100514
49152, 384, s2g, 106906
49152, 512, g2s, 63261
49152, 512, s2g, 69440
49152, 768, g2s, 48788
49152, 768, s2g, 54780
49152, 1024, g2s, 34396
49152, 1024, s2g, 40398
