#N_elem,N_iter,N_block,dtype,method,t_tot,t_copy,t_exec,t_backcopy
1024,2000,32,uint16_t,cuda_naive,482433372,460910335,21466884,36597
1024,2000,32,uint16_t,cuda_shared,18643446,112516,18506626,19416
1024,2000,32,uint32_t,cuda_naive,21833416,124668,21675013,29614
1024,2000,32,uint32_t,cuda_shared,18810299,117684,18669637,19067
1024,2000,32,float,cuda_naive,21727815,112445,21583521,27727
1024,2000,32,float,cuda_shared,18630526,108674,18499292,19067
1024,2000,32,double,cuda_naive,21646239,112166,21503062,26890
1024,2000,32,double,cuda_shared,18572208,109163,18440835,18648
1024,2000,64,uint16_t,cuda_naive,21628220,107696,21497405,19486
1024,2000,64,uint16_t,cuda_shared,18690311,107208,18561102,18508
1024,2000,64,uint32_t,cuda_naive,21803314,107487,21673756,18508
1024,2000,64,uint32_t,cuda_shared,18832788,106998,18703721,18648
1024,2000,64,float,cuda_naive,21730049,106859,21601120,18508
1024,2000,64,float,cuda_shared,18541128,106649,18412129,18927
1024,2000,64,double,cuda_naive,21751141,107277,21621794,18578
1024,2000,64,double,cuda_shared,18455082,108395,18324478,18647
1024,2000,128,uint16_t,cuda_naive,24456964,106649,24327757,18997
1024,2000,128,uint16_t,cuda_shared,21762595,106998,21633527,18578
1024,2000,128,uint32_t,cuda_naive,24751210,107068,24621513,19067
1024,2000,128,uint32_t,cuda_shared,21980294,108185,21844381,24165
1024,2000,128,float,cuda_naive,24637856,107278,24508368,18788
1024,2000,128,float,cuda_shared,21661604,114611,21525063,18438
1024,2000,128,double,cuda_naive,24274258,106998,24139253,24445
1024,2000,128,double,cuda_shared,20477221,104973,20350178,18648
1024,2000,256,uint16_t,cuda_naive,23872735,104902,23745274,19137
1024,2000,256,uint16_t,cuda_shared,20462624,104833,20336489,17880
1024,2000,256,uint32_t,cuda_naive,23653780,103436,23528763,18159
1024,2000,256,uint32_t,cuda_shared,20856114,103436,20731587,17670
1024,2000,256,float,cuda_naive,23607196,103087,23482458,18228
1024,2000,256,float,cuda_shared,20691147,110141,20559844,17740
1024,2000,256,double,cuda_naive,23864424,103506,23739127,18369
1024,2000,256,double,cuda_shared,22793116,103925,22667540,18298
1024,2000,512,uint16_t,cuda_naive,26192541,103018,26067594,18578
1024,2000,512,uint16_t,cuda_shared,23532255,103226,23407937,17740
1024,2000,512,uint32_t,cuda_naive,26290949,103017,26164814,19626
1024,2000,512,uint32_t,cuda_shared,23696943,103786,23572205,17530
1024,2000,512,float,cuda_naive,26223063,103087,26098115,18439
1024,2000,512,float,cuda_shared,23518496,103297,23394037,17810
1024,2000,512,double,cuda_naive,26261616,103646,26136039,18578
1024,2000,512,double,cuda_shared,23809389,103855,23684371,17810
1024,2000,1,float,thrust,276086,233342,38553,1397
1024,2000,1,float,std::accumulate,204148,233342,38553,1397
1024,2000,1,float,cpu,1958722,233342,38553,1397
1024,2000,1,float,cpu_seq,200307,233342,38553,1397
2048,2000,32,uint16_t,cuda_naive,20852553,106369,20724463,18228
2048,2000,32,uint16_t,cuda_shared,18573953,104065,18448727,17740
2048,2000,32,uint32_t,cuda_naive,20703370,111956,20569972,18019
2048,2000,32,uint32_t,cuda_shared,18474359,103436,18349830,17670
2048,2000,32,float,cuda_naive,20795562,103367,20670753,18089
2048,2000,32,float,cuda_shared,18373157,106439,18245207,18159
2048,2000,32,double,cuda_naive,21904026,105741,21777123,17670
2048,2000,32,double,cuda_shared,20170126,112306,20036727,17740
2048,2000,64,uint16_t,cuda_naive,20388732,101690,20263574,20045
2048,2000,64,uint16_t,cuda_shared,18124380,102947,18000270,17810
2048,2000,64,uint32_t,cuda_naive,20445164,104763,20311835,18020
2048,2000,64,uint32_t,cuda_shared,18268534,102947,18144215,17949
2048,2000,64,float,cuda_naive,20300939,112026,20167262,18299
2048,2000,64,float,cuda_shared,18054677,103018,17930847,17390
2048,2000,64,double,cuda_naive,20358699,104065,20233192,18090
2048,2000,64,double,cuda_shared,18828109,103995,18702952,17810
2048,2000,128,uint16_t,cuda_naive,23700155,102459,23574649,19626
2048,2000,128,uint16_t,cuda_shared,20417157,109722,20286343,17740
2048,2000,128,uint32_t,cuda_naive,23725019,102877,23600421,18299
2048,2000,128,uint32_t,cuda_shared,20451030,102388,20327759,17531
2048,2000,128,float,cuda_naive,23685210,110839,23552929,18019
2048,2000,128,float,cuda_shared,20364845,102389,20241434,17670
2048,2000,128,double,cuda_naive,23746182,103925,23618650,20184
2048,2000,128,double,cuda_shared,20288298,104484,20163002,17460
2048,2000,256,uint16_t,cuda_naive,26232631,106719,26104400,18159
2048,2000,256,uint16_t,cuda_shared,23511861,110420,23380419,17600
2048,2000,256,uint32_t,cuda_naive,26227463,103366,26102655,18019
2048,2000,256,uint32_t,cuda_shared,23669844,110490,23538401,17531
2048,2000,256,float,cuda_naive,26170332,102807,26046153,18019
2048,2000,256,float,cuda_shared,23548458,102318,23425257,17531
2048,2000,256,double,cuda_naive,26256518,103716,26125773,23676
2048,2000,256,double,cuda_shared,23273700,104903,23147425,18019
2048,2000,512,uint16_t,cuda_naive,29934613,102877,29808688,19625
2048,2000,512,uint16_t,cuda_shared,26210422,103017,26086312,17670
2048,2000,512,uint32_t,cuda_naive,29238985,103156,29113898,18439
2048,2000,512,uint32_t,cuda_shared,26388588,103157,26264479,17531
2048,2000,512,float,cuda_naive,29286897,102947,29162438,18159
2048,2000,512,float,cuda_shared,26119138,113075,25983643,18788
2048,2000,512,double,cuda_naive,29856180,107627,29724807,20394
2048,2000,512,double,cuda_shared,26162650,106439,26034699,18089
2048,2000,1024,uint16_t,cuda_naive,34788989,104694,34662295,18578
2048,2000,1024,uint16_t,cuda_shared,30001801,103716,29876224,18439
2048,2000,1024,uint32_t,cuda_naive,35001309,105183,34873917,18788
2048,2000,1024,uint32_t,cuda_shared,30800585,103925,30675359,17879
2048,2000,1024,float,cuda_naive,34832640,104414,34706297,18508
2048,2000,1024,float,cuda_shared,30282794,103925,30157497,18020
2048,2000,1024,double,cuda_naive,34727633,105043,34600799,18439
2048,2000,1024,double,cuda_shared,31723161,104903,31596677,18229
2048,2000,1,float,thrust,241235,173977,63138,1327
2048,2000,1,float,std::accumulate,402081,173977,63138,1327
2048,2000,1,float,cpu,3736348,173977,63138,1327
2048,2000,1,float,cpu_seq,407390,173977,63138,1327
4096,2000,32,uint16_t,cuda_naive,23555885,106509,23427935,18019
4096,2000,32,uint16_t,cuda_shared,20341049,104275,20215543,17809
4096,2000,32,uint32_t,cuda_naive,23660230,105113,23533955,17739
4096,2000,32,uint32_t,cuda_shared,20478289,105252,20351805,17810
4096,2000,32,float,cuda_naive,23580749,104972,23454056,18299
4096,2000,32,float,cuda_shared,20317583,104484,20191797,17949
4096,2000,32,double,cuda_naive,23383375,111888,23244459,23606
4096,2000,32,double,cuda_shared,20322681,106230,20195218,17880
4096,2000,64,uint16_t,cuda_naive,20924022,107696,20794675,18229
4096,2000,64,uint16_t,cuda_shared,19463063,103366,19338605,17740
4096,2000,64,uint32_t,cuda_naive,20871850,104624,20745645,18159
4096,2000,64,uint32_t,cuda_shared,19354459,103995,19229651,17390
4096,2000,64,float,cuda_naive,20855507,103855,20730001,18229
4096,2000,64,float,cuda_shared,19349640,104204,19224413,17600
4096,2000,64,double,cuda_naive,23273863,105671,23146470,18299
4096,2000,64,double,cuda_shared,20296350,106020,20169517,17461
4096,2000,128,uint16_t,cuda_naive,26216873,103018,26090668,19765
4096,2000,128,uint16_t,cuda_shared,20464460,103087,20340282,17739
4096,2000,128,uint32_t,cuda_naive,26251585,104275,26125728,18159
4096,2000,128,uint32_t,cuda_shared,20515586,104135,20390777,17251
4096,2000,128,float,cuda_naive,26121259,103925,25995892,18019
4096,2000,128,float,cuda_shared,20655758,133189,20499172,19346
4096,2000,128,double,cuda_naive,26152549,110700,26019499,18927
4096,2000,128,double,cuda_shared,20891545,108395,20761849,17949
4096,2000,256,uint16_t,cuda_naive,29046879,104763,28919836,18857
4096,2000,256,uint16_t,cuda_shared,23516425,103925,23391197,17880
4096,2000,256,uint32_t,cuda_naive,29014192,112306,28880095,18369
4096,2000,256,uint32_t,cuda_shared,23718408,104763,23592762,17461
4096,2000,256,float,cuda_naive,28969145,112237,28835256,18299
4096,2000,256,float,cuda_shared,23613226,104274,23488069,17460
4096,2000,256,double,cuda_naive,29056028,105880,28928427,18368
4096,2000,256,double,cuda_shared,23519288,107138,23390918,17950
4096,2000,512,uint16_t,cuda_naive,34737341,104554,34610996,18369
4096,2000,512,uint16_t,cuda_shared,26306760,104903,26180416,18019
4096,2000,512,uint32_t,cuda_naive,34552329,104903,34425705,18299
4096,2000,512,uint32_t,cuda_shared,26667285,104833,26541360,17670
4096,2000,512,float,cuda_naive,34793704,104623,34666661,18997
4096,2000,512,float,cuda_shared,26321200,105462,26194296,18089
4096,2000,512,double,cuda_naive,34813364,106579,34684925,18508
4096,2000,512,double,cuda_shared,26640789,106719,26512838,17879
4096,2000,1024,uint16_t,cuda_naive,42571008,103436,42445711,18439
4096,2000,1024,uint16_t,cuda_shared,32325588,103367,32201129,17740
4096,2000,1024,uint32_t,cuda_naive,40716281,104414,40590355,18089
4096,2000,1024,uint32_t,cuda_shared,32355830,104693,32230044,17670
4096,2000,1024,float,cuda_naive,40673608,104344,40546076,19835
4096,2000,1024,float,cuda_shared,32192888,104484,32067381,17740
4096,2000,1024,double,cuda_naive,43344440,106230,43216140,18648
4096,2000,1024,double,cuda_shared,34804564,106998,34674449,19765
4096,2000,1,float,thrust,299972,174466,121385,1397
4096,2000,1,float,std::accumulate,809959,174466,121385,1397
4096,2000,1,float,cpu,7395862,174466,121385,1397
4096,2000,1,float,cpu_seq,805279,174466,121385,1397
8192,2000,32,uint16_t,cuda_naive,23508509,108325,23373295,18019
8192,2000,32,uint16_t,cuda_shared,20343404,105881,20216221,17879
8192,2000,32,uint32_t,cuda_naive,23666213,106928,23538122,17740
8192,2000,32,uint32_t,cuda_shared,20539241,115729,20402699,17461
8192,2000,32,float,cuda_naive,23631152,106439,23503481,17809
8192,2000,32,float,cuda_shared,20396274,106928,20268254,17740
8192,2000,32,double,cuda_naive,23602587,117754,23463461,18019
8192,2000,32,double,cuda_shared,20277822,110350,20146589,17530
8192,2000,64,uint16_t,cuda_naive,23418203,104763,23290322,19695
8192,2000,64,uint16_t,cuda_shared,20418833,104344,20293466,17740
8192,2000,64,uint32_t,cuda_naive,23629406,106718,23499709,19556
8192,2000,64,uint32_t,cuda_shared,20523946,113913,20389290,17390
8192,2000,64,float,cuda_naive,23528972,106230,23401232,18089
8192,2000,64,float,cuda_shared,20427075,106579,20299543,17530
8192,2000,64,double,cuda_naive,23458641,110072,23326919,18229
8192,2000,64,double,cuda_shared,20364077,110700,20232425,17600
8192,2000,128,uint16_t,cuda_naive,26265178,111957,26130312,19556
8192,2000,128,uint16_t,cuda_shared,21841168,103995,21716081,17670
8192,2000,128,uint32_t,cuda_naive,26527923,106020,26400043,18438
8192,2000,128,uint32_t,cuda_shared,21641280,107348,21512840,17670
8192,2000,128,float,cuda_naive,26361001,106160,26233329,18090
8192,2000,128,float,cuda_shared,21104543,106090,20977431,17670
8192,2000,128,double,cuda_naive,28674172,110211,28540633,19836
8192,2000,128,double,cuda_shared,23317141,110700,23185350,17740
8192,2000,256,uint16_t,cuda_naive,31744641,104204,31617459,19556
8192,2000,256,uint16_t,cuda_shared,23654898,103576,23530369,17531
8192,2000,256,uint32_t,cuda_naive,31271488,106369,31143677,18019
8192,2000,256,uint32_t,cuda_shared,23722459,106160,23595486,17391
8192,2000,256,float,cuda_naive,31612880,106161,31483882,19416
8192,2000,256,float,cuda_shared,23670776,105881,23543942,17530
8192,2000,256,double,cuda_naive,31928707,110490,31796217,18578
8192,2000,256,double,cuda_shared,23850829,110350,23719317,17740
8192,2000,512,uint16_t,cuda_naive,37619030,104344,37493104,18159
8192,2000,512,uint16_t,cuda_shared,29034307,104973,28908312,17670
8192,2000,512,uint32_t,cuda_naive,37762905,106440,37634953,18089
8192,2000,512,uint32_t,cuda_shared,29287205,106510,29159673,17601
8192,2000,512,float,cuda_naive,37737621,106370,37609531,18299
8192,2000,512,float,cuda_shared,29019430,105880,28892318,17810
8192,2000,512,double,cuda_naive,37679653,118033,37540038,18229
8192,2000,512,double,cuda_shared,29002109,110491,28870597,17670
8192,2000,1024,uint16_t,cuda_naive,49145087,104693,49018673,18298
8192,2000,1024,uint16_t,cuda_shared,34880587,104274,34755151,17879
8192,2000,1024,uint32_t,cuda_naive,49109467,106719,48980957,18369
8192,2000,1024,uint32_t,cuda_shared,35270935,106230,35143473,17810
8192,2000,1024,float,cuda_naive,49098432,106300,48970481,18299
8192,2000,1024,float,cuda_shared,35112672,106091,34985699,17531
8192,2000,1024,double,cuda_naive,49156750,110490,49024539,18299
8192,2000,1024,double,cuda_shared,37571118,110420,37439047,18229
8192,2000,1,float,thrust,431206,187805,239140,1467
8192,2000,1,float,std::accumulate,1625787,187805,239140,1467
8192,2000,1,float,cpu,15525011,187805,239140,1467
8192,2000,1,float,cpu_seq,1629837,187805,239140,1467
16384,2000,32,uint16_t,cuda_naive,25197038,110560,25064687,17949
16384,2000,32,uint16_t,cuda_shared,20394408,107278,20265829,17950
16384,2000,32,uint32_t,cuda_naive,26266321,110839,26134460,17600
16384,2000,32,uint32_t,cuda_shared,20511185,110211,20379881,17670
16384,2000,32,float,cuda_naive,26275959,110350,26144447,17740
16384,2000,32,float,cuda_shared,20456359,110560,20324357,18089
16384,2000,32,double,cuda_naive,26426260,131513,26273375,17950
16384,2000,32,double,cuda_shared,23432404,119570,23292092,17390
16384,2000,64,uint16_t,cuda_naive,23610427,106370,23482196,18438
16384,2000,64,uint16_t,cuda_shared,20358768,106719,20231168,17530
16384,2000,64,uint32_t,cuda_naive,23742620,110420,23610688,18089
16384,2000,64,uint32_t,cuda_shared,20468980,109792,20338375,17460
16384,2000,64,float,cuda_naive,23610898,110421,23479035,18089
16384,2000,64,float,cuda_shared,20481621,110281,20350248,17740
16384,2000,64,double,cuda_naive,26194008,119500,26051530,19696
16384,2000,64,double,cuda_shared,20436224,119430,20295981,17460
16384,2000,128,uint16_t,cuda_naive,29082609,106439,28954519,18228
16384,2000,128,uint16_t,cuda_shared,23507252,106021,23379999,17880
16384,2000,128,uint32_t,cuda_naive,29187302,110560,29055160,18159
16384,2000,128,uint32_t,cuda_shared,23712169,110141,23581075,17530
16384,2000,128,float,cuda_naive,29003407,110630,28870778,18648
16384,2000,128,float,cuda_shared,23666003,110211,23534769,17601
16384,2000,128,double,cuda_naive,29156502,119011,29014303,19765
16384,2000,128,double,cuda_shared,23276354,119430,23135901,17670
16384,2000,256,uint16_t,cuda_naive,31957520,106369,31829499,18299
16384,2000,256,uint16_t,cuda_shared,25669633,105950,25542731,17600
16384,2000,256,uint32_t,cuda_naive,31992999,117475,31854014,18089
16384,2000,256,uint32_t,cuda_shared,24999498,109862,24868405,17810
16384,2000,256,float,cuda_naive,31990834,109792,31859671,18019
16384,2000,256,float,cuda_shared,24683044,110002,24546153,23537
16384,2000,256,double,cuda_naive,34831034,118592,34690582,18438
16384,2000,256,double,cuda_shared,26239196,119221,26099023,17600
16384,2000,512,uint16_t,cuda_naive,40533225,107557,40403947,18368
16384,2000,512,uint16_t,cuda_shared,28994887,106579,28867145,17810
16384,2000,512,uint32_t,cuda_naive,40703220,110350,40571079,18369
16384,2000,512,uint32_t,cuda_shared,29267271,110001,29136178,17670
16384,2000,512,float,cuda_naive,40615498,110280,40482100,19766
16384,2000,512,float,cuda_shared,29064310,110071,28933147,17740
16384,2000,512,double,cuda_naive,40650140,119360,40509059,18299
16384,2000,512,double,cuda_shared,31339208,119360,31198057,18368
16384,2000,1024,uint16_t,cuda_naive,55033148,107417,54902473,19905
16384,2000,1024,uint16_t,cuda_shared,37784518,107138,37656078,17880
16384,2000,1024,uint32_t,cuda_naive,54981992,110351,54849989,18229
16384,2000,1024,uint32_t,cuda_shared,38004838,111119,37872557,17810
16384,2000,1024,float,cuda_naive,54991926,110281,54858387,19905
16384,2000,1024,float,cuda_shared,37750961,111049,37611697,18019
16384,2000,1024,double,cuda_naive,54993672,125995,54846095,18229
16384,2000,1024,double,cuda_shared,40416279,119150,40275688,18089
16384,2000,1,float,thrust,680891,189971,486591,1606
16384,2000,1,float,std::accumulate,3325326,189971,486591,1606
16384,2000,1,float,cpu,36874652,189971,486591,1606
16384,2000,1,float,cpu_seq,3324559,189971,486591,1606
32768,2000,32,uint16_t,cuda_naive,26308646,117335,26169590,18019
32768,2000,32,uint16_t,cuda_shared,23586336,111329,23453636,17950
32768,2000,32,uint32_t,cuda_naive,29004694,119779,28863892,17670
32768,2000,32,uint32_t,cuda_shared,23628241,119221,23487929,17670
32768,2000,32,float,cuda_naive,28965442,120129,28824361,17531
32768,2000,32,float,cuda_shared,23407192,119081,23267227,17461
32768,2000,32,double,cuda_naive,31844477,147926,31675249,17950
32768,2000,32,double,cuda_shared,26152968,134586,25997569,17460
32768,2000,64,uint16_t,cuda_naive,26135647,110630,26003156,18508
32768,2000,64,uint16_t,cuda_shared,22403001,110909,22271069,17600
32768,2000,64,uint32_t,cuda_naive,26243902,125786,26096605,18089
32768,2000,64,uint32_t,cuda_shared,23713170,118313,23569434,21931
32768,2000,64,float,cuda_naive,26179786,119151,26038985,18299
32768,2000,64,float,cuda_shared,23528647,118523,23389242,17530
32768,2000,64,double,cuda_naive,28997081,134237,28841333,18089
32768,2000,64,double,cuda_shared,23749279,134586,23587524,23816
32768,2000,128,uint16_t,cuda_naive,32000435,109792,31868992,18228
32768,2000,128,uint16_t,cuda_shared,23888055,110491,23756542,17600
32768,2000,128,uint32_t,cuda_naive,31994359,118871,31854116,17949
32768,2000,128,uint32_t,cuda_shared,26042477,117754,25903631,17670
32768,2000,128,float,cuda_naive,31924237,118802,31783784,18229
32768,2000,128,float,cuda_shared,25654713,119640,25514120,17601
32768,2000,128,double,cuda_naive,34769538,134376,34613301,18509
32768,2000,128,double,cuda_shared,26182371,134516,26027112,17461
32768,2000,256,uint16_t,cuda_naive,34733639,110211,34602056,17950
32768,2000,256,uint16_t,cuda_shared,26213989,109653,26083244,17740
32768,2000,256,uint32_t,cuda_naive,35016186,125995,34868749,18019
32768,2000,256,uint32_t,cuda_shared,26315743,119150,26175710,17460
32768,2000,256,float,cuda_naive,34956750,119011,34816298,18019
32768,2000,256,float,cuda_shared,26218942,119290,26078839,17461
32768,2000,256,double,cuda_naive,37732206,140802,37569544,18438
32768,2000,256,double,cuda_shared,28947325,142897,28783545,17460
32768,2000,512,uint16_t,cuda_naive,43338433,111118,43205734,18229
32768,2000,512,uint16_t,cuda_shared,31842630,110141,31711396,17671
32768,2000,512,uint32_t,cuda_naive,43483077,118452,43337246,23886
32768,2000,512,uint32_t,cuda_shared,32028689,119569,31888237,17461
32768,2000,512,float,cuda_naive,43488524,118802,43348071,18229
32768,2000,512,float,cuda_shared,31993349,119011,31853386,17600
32768,2000,512,double,cuda_naive,46430344,134096,46274317,18578
32768,2000,512,double,cuda_shared,31807499,142338,31643789,17949
32768,2000,1024,uint16_t,cuda_naive,60827669,117824,60688124,18368
32768,2000,1024,uint16_t,cuda_shared,40626324,118592,40486779,17601
32768,2000,1024,uint32_t,cuda_naive,60959531,119290,60818590,18228
32768,2000,1024,uint32_t,cuda_shared,40673817,126763,40526171,17460
32768,2000,1024,float,cuda_naive,60739808,119570,60598656,18229
32768,2000,1024,float,cuda_shared,40693303,119220,40552571,18019
32768,2000,1024,double,cuda_naive,60970007,135633,60812653,18369
32768,2000,1024,double,cuda_shared,42216210,134725,42059904,18228
32768,2000,1,float,thrust,1170414,212251,953694,1746
32768,2000,1,float,std::accumulate,6651904,212251,953694,1746
32768,2000,1,float,cpu,73032097,212251,953694,1746
32768,2000,1,float,cpu_seq,6661898,212251,953694,1746
65536,2000,64,uint16_t,cuda_naive,37647526,141082,37484025,18368
65536,2000,64,uint16_t,cuda_shared,28952033,127602,28802920,18159
65536,2000,64,uint32_t,cuda_naive,38864385,154352,38688313,18299
65536,2000,64,uint32_t,cuda_shared,29195083,141850,29031932,17880
65536,2000,64,float,cuda_naive,38745305,134936,38588299,18648
65536,2000,64,float,cuda_shared,28975360,135075,28818564,18369
65536,2000,64,double,cuda_naive,44983470,190460,44770032,19625
65536,2000,64,double,cuda_shared,33138234,167551,32950010,17391
65536,2000,128,uint16_t,cuda_naive,34736642,118453,34596469,18299
65536,2000,128,uint16_t,cuda_shared,27092974,119011,26952451,18089
65536,2000,128,uint32_t,cuda_naive,37194179,135005,37032076,23607
65536,2000,128,uint32_t,cuda_shared,28751655,134446,28596187,17600
65536,2000,128,float,cuda_naive,37287420,134865,37130903,18229
65536,2000,128,float,cuda_shared,28494985,134796,28339237,17601
65536,2000,128,double,cuda_naive,43309143,167830,43118055,19905
65536,2000,128,double,cuda_shared,31996454,167831,31807601,17670
65536,2000,256,uint16_t,cuda_naive,39824018,139544,39661286,19276
65536,2000,256,uint16_t,cuda_shared,28990586,123062,28845733,18368
65536,2000,256,uint32_t,cuda_naive,40601152,136681,40442679,18369
65536,2000,256,uint32_t,cuda_shared,29091577,135982,28934643,17600
65536,2000,256,float,cuda_naive,40565741,135424,40408667,18229
65536,2000,256,float,cuda_shared,28936528,135843,28779663,17670
65536,2000,256,double,cuda_naive,43678608,168739,43486542,19835
65536,2000,256,double,cuda_shared,31911805,176073,31714361,18019
65536,2000,512,uint16_t,cuda_naive,49080482,119569,48938983,18578
65536,2000,512,uint16_t,cuda_shared,34749633,119081,34609530,17670
65536,2000,512,uint32_t,cuda_naive,49243005,134725,49085232,19626
65536,2000,512,uint32_t,cuda_shared,35011453,135494,34854796,17740
65536,2000,512,float,cuda_naive,49185616,134585,49029170,18438
65536,2000,512,float,cuda_shared,34839555,135144,34683319,17809
65536,2000,512,double,cuda_naive,52174788,167621,51985377,18508
65536,2000,512,double,cuda_shared,36651330,169856,36460172,18019
65536,2000,1024,uint16_t,cuda_naive,66570716,119221,66429286,18788
65536,2000,1024,uint16_t,cuda_shared,43372796,119081,43232552,17810
65536,2000,1024,uint32_t,cuda_naive,66765367,134795,66608711,18438
65536,2000,1024,uint32_t,cuda_shared,43582532,135145,43426364,17600
65536,2000,1024,float,cuda_naive,66527485,135005,66369292,19765
65536,2000,1024,float,cuda_shared,43380827,135354,43224451,17670
65536,2000,1024,double,cuda_naive,69370408,174466,69174012,18508
65536,2000,1024,double,cuda_shared,46046073,169018,45855543,18089
65536,2000,1,float,thrust,2166782,251152,1911090,1816
65536,2000,1,float,std::accumulate,14951661,251152,1911090,1816
65536,2000,1,float,cpu,150272309,251152,1911090,1816
65536,2000,1,float,cpu_seq,14973312,251152,1911090,1816
131072,2000,128,uint16_t,cuda_naive,49136237,160847,48951993,18997
131072,2000,128,uint16_t,cuda_shared,34801072,147786,34631635,18298
131072,2000,128,uint32_t,cuda_naive,52134770,198491,51912811,19905
131072,2000,128,uint32_t,cuda_shared,37847445,169647,37658034,16273
131072,2000,128,float,cuda_naive,52107741,169507,51914627,20114
131072,2000,128,float,cuda_shared,37677311,168180,37487619,18089
131072,2000,128,double,cuda_naive,69454219,273362,69157669,19695
131072,2000,128,double,cuda_shared,49723959,232574,49469873,18159
131072,2000,256,uint16_t,cuda_naive,46282837,134725,46126321,18439
131072,2000,256,uint16_t,cuda_shared,34754558,134796,34598809,17670
131072,2000,256,uint32_t,cuda_naive,49171648,174466,48974064,19695
131072,2000,256,uint32_t,cuda_shared,35624091,167412,35435727,17531
131072,2000,256,float,cuda_naive,49093774,167411,48903245,19695
131072,2000,256,float,cuda_shared,35477773,166713,35289897,17810
131072,2000,256,double,cuda_naive,65035238,238720,64773120,20045
131072,2000,256,double,cuda_shared,46254831,233203,46000675,17670
131072,2000,512,uint16_t,cuda_naive,54918886,135005,54760903,19556
131072,2000,512,uint16_t,cuda_shared,37718866,134656,37563188,17600
131072,2000,512,uint32_t,cuda_naive,55917000,166783,55726959,19835
131072,2000,512,uint32_t,cuda_shared,38722148,167272,38533715,17740
131072,2000,512,float,cuda_naive,55877190,166783,55687289,19695
131072,2000,512,float,cuda_shared,38495581,167342,38306657,18159
131072,2000,512,double,cuda_naive,67121143,233342,66864613,19765
131072,2000,512,double,cuda_shared,46382641,235019,46124855,19486
131072,2000,1024,uint16_t,cuda_naive,75038696,135145,74881482,18648
131072,2000,1024,uint16_t,cuda_shared,49187062,136123,49029637,18019
131072,2000,1024,uint32_t,cuda_naive,75198738,168529,75008418,18369
131072,2000,1024,uint32_t,cuda_shared,49338619,166503,49151093,17601
131072,2000,1024,float,cuda_naive,75039218,169646,74846664,19626
131072,2000,1024,float,cuda_shared,49171138,174465,48975510,17740
131072,2000,1024,double,cuda_naive,86475669,235299,86215925,21022
131072,2000,1024,double,cuda_shared,57023006,246892,56748387,18578
131072,2000,1,float,thrust,4159661,333566,3821485,1886
131072,2000,1,float,std::accumulate,33152831,333566,3821485,1886
131072,2000,1,float,cpu,363317055,333566,3821485,1886
131072,2000,1,float,cpu_seq,33325342,333566,3821485,1886
262144,2000,256,uint16_t,cuda_naive,80809859,225311,80557380,21791
262144,2000,256,uint16_t,cuda_shared,54882498,170834,54690082,18159
262144,2000,256,uint32_t,cuda_naive,92456722,295153,92138241,19835
262144,2000,256,uint32_t,cuda_shared,61886126,237533,61627361,17740
262144,2000,256,float,cuda_naive,92243563,262537,91957839,19695
262144,2000,256,float,cuda_shared,61703070,234949,61447099,17670
262144,2000,256,double,cuda_naive,116965090,510196,116431567,19905
262144,2000,256,double,cuda_shared,75987391,493085,75473004,17879
262144,2000,512,uint16_t,cuda_naive,74988787,168390,74797420,19486
262144,2000,512,uint16_t,cuda_shared,52048933,167551,51860639,17390
262144,2000,512,uint32_t,cuda_naive,83755371,241933,83490600,19416
262144,2000,512,uint32_t,cuda_shared,57972453,238580,57711384,19136
262144,2000,512,float,cuda_naive,83666252,249127,83393100,20603
262144,2000,512,float,cuda_shared,57850928,242701,57586925,17880
262144,2000,512,double,cuda_naive,105252851,510895,104718489,20114
262144,2000,512,double,cuda_shared,67737986,489036,67227649,17949
262144,2000,1024,uint16_t,cuda_naive,86460652,168948,86268446,19835
262144,2000,1024,uint16_t,cuda_shared,57807754,174256,57612195,17880
262144,2000,1024,uint32_t,cuda_naive,93576314,246962,93306304,19626
262144,2000,1024,uint32_t,cuda_shared,62931726,234251,62674218,19905
262144,2000,1024,float,cuda_naive,93659706,242981,93393607,19625
262144,2000,1024,float,cuda_shared,62844353,234670,62586565,19766
262144,2000,1024,double,cuda_naive,107976657,493505,107460313,19416
262144,2000,1024,double,cuda_shared,71360630,494063,70843589,19696
262144,2000,1,float,thrust,8131587,485752,7641015,2026
262144,2000,1,float,std::accumulate,66533208,485752,7641015,2026
262144,2000,1,float,cpu,878180664,485752,7641015,2026
262144,2000,1,float,cpu_seq,66538170,485752,7641015,2026
524288,2000,512,uint16_t,cuda_naive,144753175,486729,144233899,23467
524288,2000,512,uint16_t,cuda_shared,94732290,234948,94475481,18228
524288,2000,512,uint32_t,cuda_naive,153044426,804233,152216307,20254
524288,2000,512,uint32_t,cuda_shared,101787521,497765,101268384,17880
524288,2000,512,float,cuda_naive,155332386,834894,154473816,20185
524288,2000,512,float,cuda_shared,102024985,501187,101502286,18159
524288,2000,512,double,cuda_naive,206968814,1543164,205401625,20603
524288,2000,512,double,cuda_shared,127127665,1060693,126045251,18298
524288,2000,1024,uint16_t,cuda_naive,126247567,332728,125890395,20953
524288,2000,1024,uint16_t,cuda_shared,86554923,235159,86297693,18648
524288,2000,1024,uint32_t,cuda_naive,132534575,676630,131834618,19765
524288,2000,1024,uint32_t,cuda_shared,92518462,489454,92005401,19766
524288,2000,1024,float,cuda_naive,132606722,683195,131899990,20115
524288,2000,1024,float,cuda_shared,92444080,499022,91921312,20393
524288,2000,1024,double,cuda_naive,174981055,1321622,173635617,20393
524288,2000,1024,double,cuda_shared,108929265,1019974,107885894,19905
524288,2000,1,float,thrust,16151410,836289,15310301,2026
524288,2000,1,float,std::accumulate,133439031,836289,15310301,2026
524288,2000,1,float,cpu,2009660207,836289,15310301,2026
524288,2000,1,float,cpu_seq,133450767,836289,15310301,2026
1048576,2000,1024,uint16_t,cuda_naive,262424719,1151836,261239498,24444
1048576,2000,1024,uint16_t,cuda_shared,166860582,503701,166334461,18927
1048576,2000,1024,uint32_t,cuda_naive,273464593,1983726,271455584,21651
1048576,2000,1024,uint32_t,cuda_shared,179669295,1064883,178582062,18648
1048576,2000,1024,float,cuda_naive,272698487,1720912,270952223,21861
1048576,2000,1024,float,cuda_shared,179580757,1054338,178502883,19974
1048576,2000,1024,double,cuda_naive,372690994,3130327,369535036,22140
1048576,2000,1024,double,cuda_shared,223601036,2674328,220900447,22000
1048576,2000,1,float,thrust,32403042,1782092,30616062,2026
1048576,2000,1,float,std::accumulate,270637803,1782092,30616062,2026
1048576,2000,1,float,cpu,4351506800,1782092,30616062,2026
1048576,2000,1,float,cpu_seq,270888606,1782092,30616062,2026
2097152,2000,1,float,thrust,65761456,4476531,61273262,2514
2097152,2000,1,float,std::accumulate,581432101,4476531,61273262,2514
2097152,2000,1,float,cpu,11431342688,4476531,61273262,2514
2097152,2000,1,float,cpu_seq,585938132,4476531,61273262,2514
